"sim","method","n.dims","err","CV","Pi"
1,"CCA-LDA",27,0.0115822270538124,1,1
1,"PCA-LDA",35,0.00323105264033605,1,1
10,"CCA-LDA",36,0.101637606820765,1,1
10,"PCA-LDA",25,0.0600785806330737,1,1
100,"CCA-LDA",35,0.0321087224614082,1,1
100,"PCA-LDA",39,1.04337762368051e-07,1,1
101,"CCA-LDA",25,0.0659718335014215,1,1
101,"PCA-LDA",35,0.00676319383965865,1,1
102,"CCA-LDA",37,0.00208626086288876,1,1
102,"PCA-LDA",33,0.01041003822736,1,1
103,"CCA-LDA",37,0.0363702711921025,1,1
103,"PCA-LDA",39,4.26063411121569e-14,1,1
104,"CCA-LDA",30,0.0241679734370151,1,1
104,"PCA-LDA",35,0.0601211765419267,1,1
105,"CCA-LDA",3,0.350531739587219,1,1
105,"PCA-LDA",35,0.0668842985293825,1,1
106,"CCA-LDA",38,0.0114602059295442,1,1
106,"PCA-LDA",31,0.0405304687447629,1,1
107,"CCA-LDA",31,0.0344047321242246,1,1
107,"PCA-LDA",37,0.0599177460685566,1,1
108,"CCA-LDA",33,0.0105231015092069,1,1
108,"PCA-LDA",33,0.085098031180605,1,1
109,"CCA-LDA",31,0.0275557104415902,1,1
109,"PCA-LDA",37,0.0198847321240847,1,1
11,"CCA-LDA",38,0.00895202515968264,1,1
11,"PCA-LDA",37,0.00823574974104723,1,1
110,"CCA-LDA",36,0.0461547244347781,1,1
110,"PCA-LDA",34,0.00604564214457151,1,1
111,"CCA-LDA",25,0.0736653131019881,1,1
111,"PCA-LDA",30,0.0218997201295123,1,1
112,"CCA-LDA",32,0.0585876655758705,1,1
112,"PCA-LDA",37,0.0456058715736118,1,1
113,"CCA-LDA",33,0.0319157727624143,1,1
113,"PCA-LDA",33,0.0279064175279717,1,1
114,"CCA-LDA",34,0.0128285019962837,1,1
114,"PCA-LDA",37,0.0358610149421041,1,1
115,"CCA-LDA",28,0.0387746848651208,1,1
115,"PCA-LDA",37,0.00869091512969998,1,1
116,"CCA-LDA",34,0.0770704310152378,1,1
116,"PCA-LDA",39,6.86581725649403e-05,1,1
117,"CCA-LDA",27,0.0840295659685516,1,1
117,"PCA-LDA",30,0.118677061570084,1,1
118,"CCA-LDA",20,0.0512681797071242,1,1
118,"PCA-LDA",33,0.0532086709362594,1,1
119,"CCA-LDA",36,0.000761083797983833,1,1
119,"PCA-LDA",32,0.0447977144743246,1,1
12,"CCA-LDA",10,0.121040454865732,1,1
12,"PCA-LDA",37,6.16630289711104e-05,1,1
120,"CCA-LDA",31,0.00583351408071416,1,1
120,"PCA-LDA",24,0.14857451991976,1,1
121,"CCA-LDA",36,0.0378799230655224,1,1
121,"PCA-LDA",39,8.39064692706323e-13,1,1
122,"CCA-LDA",27,0.0610912723848628,1,1
122,"PCA-LDA",17,0.176538704273561,1,1
123,"CCA-LDA",20,0.0323918331501159,1,1
123,"PCA-LDA",38,0.00130390023339611,1,1
124,"CCA-LDA",32,0.012563075407924,1,1
124,"PCA-LDA",29,0.0375788811093625,1,1
125,"CCA-LDA",28,0.0511137893483488,1,1
125,"PCA-LDA",25,0.118975021211154,1,1
126,"CCA-LDA",37,0.0305197169160497,1,1
126,"PCA-LDA",29,0.0927731551905796,1,1
127,"CCA-LDA",39,0.033053071083816,1,1
127,"PCA-LDA",34,0.025551264320107,1,1
128,"CCA-LDA",28,0.0554756802152434,1,1
128,"PCA-LDA",31,0.0210819797478877,1,1
129,"CCA-LDA",28,0.0194948597664966,1,1
129,"PCA-LDA",37,0.0165832158532258,1,1
13,"CCA-LDA",35,0.0299173248142847,1,1
13,"PCA-LDA",32,0.0576037248450467,1,1
130,"CCA-LDA",34,0.0208255963853182,1,1
130,"PCA-LDA",35,0.0824155682082622,1,1
131,"CCA-LDA",33,0.133450276394637,1,1
131,"PCA-LDA",35,0.0470693982103306,1,1
132,"CCA-LDA",35,0.0414261276459894,1,1
132,"PCA-LDA",30,0.059015709883684,1,1
133,"CCA-LDA",13,0.0817493514530047,1,1
133,"PCA-LDA",36,0.00259579708580058,1,1
134,"CCA-LDA",27,0.028725777892574,1,1
134,"PCA-LDA",37,0.000469211931967969,1,1
135,"CCA-LDA",39,0.0263159155616808,1,1
135,"PCA-LDA",39,6.97215071086855e-05,1,1
136,"CCA-LDA",20,0.0810720894814156,1,1
136,"PCA-LDA",26,0.112384828948919,1,1
137,"CCA-LDA",31,0.0224885686187179,1,1
137,"PCA-LDA",39,0.0521099857003292,1,1
138,"CCA-LDA",37,0.0137386820828632,1,1
138,"PCA-LDA",36,0.0371511387836993,1,1
139,"CCA-LDA",33,0.0136739541697686,1,1
139,"PCA-LDA",39,0.0137614315101192,1,1
14,"CCA-LDA",39,0.0132050975712965,1,1
14,"PCA-LDA",38,0.0707141539084929,1,1
140,"CCA-LDA",37,0.028149274606765,1,1
140,"PCA-LDA",35,0.00396447063882446,1,1
141,"CCA-LDA",33,0.0188573223592082,1,1
141,"PCA-LDA",39,0,1,1
142,"CCA-LDA",16,0.0415925998690944,1,1
142,"PCA-LDA",34,0.0195775624114272,1,1
143,"CCA-LDA",39,0.0319665230872812,1,1
143,"PCA-LDA",37,1.57293135128433e-05,1,1
144,"CCA-LDA",26,0.0498706623019448,1,1
144,"PCA-LDA",38,0.0994829231460958,1,1
145,"CCA-LDA",37,0.108302172201589,1,1
145,"PCA-LDA",33,0.00152430088109616,1,1
146,"CCA-LDA",23,0.071486218021681,1,1
146,"PCA-LDA",37,0.0246908074497263,1,1
147,"CCA-LDA",34,0.0260869518005841,1,1
147,"PCA-LDA",34,0.0223575663520689,1,1
148,"CCA-LDA",15,0.101225161314178,1,1
148,"PCA-LDA",37,0.00315890429481364,1,1
149,"CCA-LDA",38,0.0233222352401535,1,1
149,"PCA-LDA",35,0.0047861081174528,1,1
15,"CCA-LDA",38,0.033640083170837,1,1
15,"PCA-LDA",37,2.40813732126093e-05,1,1
150,"CCA-LDA",18,0.0513238700954409,1,1
150,"PCA-LDA",39,0.00358109081938375,1,1
151,"CCA-LDA",26,0.0723014700616024,1,1
151,"PCA-LDA",28,0.0448062480437304,1,1
152,"CCA-LDA",39,3.55689106015783e-05,1,1
152,"PCA-LDA",34,0.0149447296047955,1,1
153,"CCA-LDA",33,0.0593023622067665,1,1
153,"PCA-LDA",35,0.0881736053841137,1,1
154,"CCA-LDA",36,0.0258426780129388,1,1
154,"PCA-LDA",27,0.0981404011553823,1,1
155,"CCA-LDA",28,0.0600365445878074,1,1
155,"PCA-LDA",28,0.0695621940921487,1,1
156,"CCA-LDA",22,0.0666177491824846,1,1
156,"PCA-LDA",29,0.0656199589545016,1,1
157,"CCA-LDA",29,0.110825259440588,1,1
157,"PCA-LDA",21,0.153916653486478,1,1
158,"CCA-LDA",32,0.0358771238006585,1,1
158,"PCA-LDA",32,0.138428067341363,1,1
159,"CCA-LDA",35,0.0423829673877243,1,1
159,"PCA-LDA",30,0.103119455825199,1,1
16,"CCA-LDA",32,0.0473639958680745,1,1
16,"PCA-LDA",28,0.0653215373953351,1,1
160,"CCA-LDA",33,0.0204021655394889,1,1
160,"PCA-LDA",36,1.02144776178555e-06,1,1
161,"CCA-LDA",36,0.0063636807294325,1,1
161,"PCA-LDA",30,0.0791478425095213,1,1
162,"CCA-LDA",37,0.00098034643427185,1,1
162,"PCA-LDA",35,0.0217428531413485,1,1
163,"CCA-LDA",26,0.0695732754799823,1,1
163,"PCA-LDA",28,0.0988350908747944,1,1
164,"CCA-LDA",23,0.0594699855580428,1,1
164,"PCA-LDA",39,7.72499749647713e-07,1,1
165,"CCA-LDA",36,0.0395749411531934,1,1
165,"PCA-LDA",35,0.0459787418824637,1,1
166,"CCA-LDA",28,0.106781242656395,1,1
166,"PCA-LDA",34,0.0287971649273102,1,1
167,"CCA-LDA",32,0.0404395314129432,1,1
167,"PCA-LDA",36,0.0333571191483883,1,1
168,"CCA-LDA",27,0.0380971447166341,1,1
168,"PCA-LDA",38,0.0085002716334628,1,1
169,"CCA-LDA",39,0.00458865942975964,1,1
169,"PCA-LDA",34,0.0131782746536471,1,1
17,"CCA-LDA",36,0.0546892298258985,1,1
17,"PCA-LDA",39,0.00153836999225617,1,1
170,"CCA-LDA",36,0.0238295939408726,1,1
170,"PCA-LDA",35,0.0472707780860565,1,1
171,"CCA-LDA",37,0.00212567895472993,1,1
171,"PCA-LDA",30,0.0350854315126203,1,1
172,"CCA-LDA",34,0.0491301225579317,1,1
172,"PCA-LDA",38,7.41544563689947e-06,1,1
173,"CCA-LDA",25,0.100560894040579,1,1
173,"PCA-LDA",25,0.0872427282657882,1,1
174,"CCA-LDA",33,0.0213681158748661,1,1
174,"PCA-LDA",32,0.0519572341751959,1,1
175,"CCA-LDA",35,0.0235217701592284,1,1
175,"PCA-LDA",34,0.000204307333472176,1,1
176,"CCA-LDA",35,0.000977592637148835,1,1
176,"PCA-LDA",31,0.101768081083702,1,1
177,"CCA-LDA",38,0.00695862475224502,1,1
177,"PCA-LDA",39,3.82680367788844e-13,1,1
178,"CCA-LDA",37,0.0237601251734117,1,1
178,"PCA-LDA",33,0.0872121914675588,1,1
179,"CCA-LDA",38,0.0184901706452497,1,1
179,"PCA-LDA",36,0.022815594950269,1,1
18,"CCA-LDA",24,0.0297895608601057,1,1
18,"PCA-LDA",32,0.0508561941516626,1,1
180,"CCA-LDA",39,0.0230957406788614,1,1
180,"PCA-LDA",32,0.0325520244716395,1,1
181,"CCA-LDA",30,0.0181631027862061,1,1
181,"PCA-LDA",39,4.7819828846449e-11,1,1
182,"CCA-LDA",25,0.0552287226443087,1,1
182,"PCA-LDA",36,0.030497348880069,1,1
183,"CCA-LDA",35,0.0401562300830238,1,1
183,"PCA-LDA",37,0.051387905367752,1,1
184,"CCA-LDA",38,4.22192211931105e-05,1,1
184,"PCA-LDA",34,0.0540655462819316,1,1
185,"CCA-LDA",35,0.0476343983545138,1,1
185,"PCA-LDA",39,0.000914125723673097,1,1
186,"CCA-LDA",21,0.14387122022379,1,1
186,"PCA-LDA",37,0.000613555794282252,1,1
187,"CCA-LDA",25,0.106179252786417,1,1
187,"PCA-LDA",37,0.00748095850251037,1,1
188,"CCA-LDA",34,0.0683059864437341,1,1
188,"PCA-LDA",26,0.0916976949200936,1,1
189,"CCA-LDA",38,0.00412939335865455,1,1
189,"PCA-LDA",32,0.00042404857544161,1,1
19,"CCA-LDA",38,0.0143475796337491,1,1
19,"PCA-LDA",31,0.0349746578111511,1,1
190,"CCA-LDA",32,0.0294552616630411,1,1
190,"PCA-LDA",32,0.0737068781830779,1,1
191,"CCA-LDA",36,0.00619601394673421,1,1
191,"PCA-LDA",39,1.76170838255312e-05,1,1
192,"CCA-LDA",36,0.0136880239219055,1,1
192,"PCA-LDA",33,0.0496896551662872,1,1
193,"CCA-LDA",38,0.0224909342138155,1,1
193,"PCA-LDA",30,0.0391334720976501,1,1
194,"CCA-LDA",35,0.00958607946048338,1,1
194,"PCA-LDA",35,0.00023909205768256,1,1
195,"CCA-LDA",22,0.0276410175190018,1,1
195,"PCA-LDA",33,0.0264307933113191,1,1
196,"CCA-LDA",31,0.0211388949600168,1,1
196,"PCA-LDA",38,0.00315803758682883,1,1
197,"CCA-LDA",38,0.0166111674302563,1,1
197,"PCA-LDA",39,0.00312564040827334,1,1
198,"CCA-LDA",17,0.0518422501879709,1,1
198,"PCA-LDA",38,0.00343040137311337,1,1
199,"CCA-LDA",29,0.0406350358723764,1,1
199,"PCA-LDA",28,0.0695634177858946,1,1
2,"CCA-LDA",19,0.100419269568169,1,1
2,"PCA-LDA",24,0.114007742759996,1,1
20,"CCA-LDA",14,0.0781183859801195,1,1
20,"PCA-LDA",30,0.149721157334558,1,1
200,"CCA-LDA",27,0.0225743408704322,1,1
200,"PCA-LDA",39,5.22160430742755e-11,1,1
21,"CCA-LDA",33,0.0189402592075492,1,1
21,"PCA-LDA",38,0.00558811364144213,1,1
22,"CCA-LDA",31,0.164051054906027,1,1
22,"PCA-LDA",36,3.79236337144226e-05,1,1
23,"CCA-LDA",34,0.0720044739008295,1,1
23,"PCA-LDA",32,0.0111577901263243,1,1
24,"CCA-LDA",37,0.0240183507555451,1,1
24,"PCA-LDA",38,0.00314611220602076,1,1
25,"CCA-LDA",38,0.028751908960577,1,1
25,"PCA-LDA",38,0.000294212905898923,1,1
26,"CCA-LDA",36,0.11718648966177,1,1
26,"PCA-LDA",33,0.0351713491889567,1,1
27,"CCA-LDA",29,0.0360810706583409,1,1
27,"PCA-LDA",31,0.0576388623983461,1,1
28,"CCA-LDA",25,0.0852420878149294,1,1
28,"PCA-LDA",39,0.0528514633242566,1,1
29,"CCA-LDA",23,0.0389675871614227,1,1
29,"PCA-LDA",36,0.000318017337979961,1,1
3,"CCA-LDA",32,0.00847967633116343,1,1
3,"PCA-LDA",36,0.00274709412358671,1,1
30,"CCA-LDA",31,0.0736642990803391,1,1
30,"PCA-LDA",39,0.00919144730057261,1,1
31,"CCA-LDA",31,0.0379527320822693,1,1
31,"PCA-LDA",32,0.0195027391614999,1,1
32,"CCA-LDA",33,0.0474833452436512,1,1
32,"PCA-LDA",39,0.00356155591046172,1,1
33,"CCA-LDA",21,0.0408816703267465,1,1
33,"PCA-LDA",29,0.108694534442979,1,1
34,"CCA-LDA",29,0.0556685002353484,1,1
34,"PCA-LDA",38,0.00105901641737339,1,1
35,"CCA-LDA",34,0.002627228581583,1,1
35,"PCA-LDA",39,1.71527371563244e-08,1,1
36,"CCA-LDA",24,0.0645809801264537,1,1
36,"PCA-LDA",28,0.0860477770878067,1,1
37,"CCA-LDA",34,0.0253872008240407,1,1
37,"PCA-LDA",31,0.022367267662885,1,1
38,"CCA-LDA",17,0.0575041865411754,1,1
38,"PCA-LDA",29,0.0621482605539767,1,1
39,"CCA-LDA",31,0.0296451606198086,1,1
39,"PCA-LDA",38,1.40681612903263e-06,1,1
4,"CCA-LDA",31,0.0510500854015651,1,1
4,"PCA-LDA",36,4.82248142761316e-15,1,1
40,"CCA-LDA",38,0.0596861118984676,1,1
40,"PCA-LDA",32,0.0102992924540208,1,1
41,"CCA-LDA",37,0.00719328820219353,1,1
41,"PCA-LDA",38,0.0508595575463576,1,1
42,"CCA-LDA",30,0.0806247966624666,1,1
42,"PCA-LDA",36,0.107763139389077,1,1
43,"CCA-LDA",37,0.174163040379412,1,1
43,"PCA-LDA",38,1.07017105158108e-12,1,1
44,"CCA-LDA",24,0.0895629008516584,1,1
44,"PCA-LDA",37,0.0045354422988774,1,1
45,"CCA-LDA",32,0.0290280364007434,1,1
45,"PCA-LDA",25,0.0805714490521364,1,1
46,"CCA-LDA",16,0.0864248929126425,1,1
46,"PCA-LDA",18,0.18974003100526,1,1
47,"CCA-LDA",33,0.0012014370019516,1,1
47,"PCA-LDA",31,0.0510438689625694,1,1
48,"CCA-LDA",38,0.00914406168380983,1,1
48,"PCA-LDA",36,0.0154847580797012,1,1
49,"CCA-LDA",32,0.0314192213085605,1,1
49,"PCA-LDA",37,0.00886751312712067,1,1
5,"CCA-LDA",25,0.0885448858966107,1,1
5,"PCA-LDA",27,0.0665444692022574,1,1
50,"CCA-LDA",36,2.29113368197057e-05,1,1
50,"PCA-LDA",32,0.0563368183871946,1,1
51,"CCA-LDA",34,0.00897055722056654,1,1
51,"PCA-LDA",39,2.05085468104912e-07,1,1
52,"CCA-LDA",39,0.0875811672265469,1,1
52,"PCA-LDA",37,3.91780525418428e-05,1,1
53,"CCA-LDA",39,0.00693403360335861,1,1
53,"PCA-LDA",34,0.0207464516057793,1,1
54,"CCA-LDA",39,0.0543654894230038,1,1
54,"PCA-LDA",39,0.000399999453620269,1,1
55,"CCA-LDA",29,0.0526872385716901,1,1
55,"PCA-LDA",36,0.00952864203060949,1,1
56,"CCA-LDA",39,0.0546098644488795,1,1
56,"PCA-LDA",37,0.00810455397045288,1,1
57,"CCA-LDA",27,0.0472684841227187,1,1
57,"PCA-LDA",32,0.0162421900058244,1,1
58,"CCA-LDA",35,0.00285186500157884,1,1
58,"PCA-LDA",37,0.0306426190367965,1,1
59,"CCA-LDA",36,8.71684401084977e-05,1,1
59,"PCA-LDA",31,0.0212631056596746,1,1
6,"CCA-LDA",28,0.0404826104837464,1,1
6,"PCA-LDA",39,7.06145630777293e-07,1,1
60,"CCA-LDA",32,0.014186222303394,1,1
60,"PCA-LDA",38,1.95936275828524e-07,1,1
61,"CCA-LDA",19,0.0409828634817133,1,1
61,"PCA-LDA",37,0.0014484329584407,1,1
62,"CCA-LDA",21,0.0406165714616201,1,1
62,"PCA-LDA",24,0.0985999171068745,1,1
63,"CCA-LDA",32,0.00428805206089336,1,1
63,"PCA-LDA",38,0.0129155145948714,1,1
64,"CCA-LDA",38,0.000999954396955823,1,1
64,"PCA-LDA",37,5.34351916626328e-05,1,1
65,"CCA-LDA",39,0.0298190236398763,1,1
65,"PCA-LDA",34,0.000377370672916232,1,1
66,"CCA-LDA",18,0.0648573631591345,1,1
66,"PCA-LDA",35,0.0221884067918641,1,1
67,"CCA-LDA",32,0.0208531778773723,1,1
67,"PCA-LDA",35,6.5788567194173e-05,1,1
68,"CCA-LDA",32,0.124441181849773,1,1
68,"PCA-LDA",37,0.0840723634845654,1,1
69,"CCA-LDA",35,0.0319819633611986,1,1
69,"PCA-LDA",37,0.000332009181825944,1,1
7,"CCA-LDA",38,0.0123904776419213,1,1
7,"PCA-LDA",39,4.04552666869654e-05,1,1
70,"CCA-LDA",16,0.0577447926402381,1,1
70,"PCA-LDA",32,0.0161918905403087,1,1
71,"CCA-LDA",10,0.204405841892022,1,1
71,"PCA-LDA",38,2.78451460013366e-05,1,1
72,"CCA-LDA",30,0.0308735458675986,1,1
72,"PCA-LDA",37,0.0127995666600986,1,1
73,"CCA-LDA",16,0.078719889237509,1,1
73,"PCA-LDA",34,0.00121687022453917,1,1
74,"CCA-LDA",35,0.0100480174943487,1,1
74,"PCA-LDA",31,0.0507978071748527,1,1
75,"CCA-LDA",17,0.122371348189642,1,1
75,"PCA-LDA",36,0.0427312315854525,1,1
76,"CCA-LDA",25,0.15610693489668,1,1
76,"PCA-LDA",29,0.111408262129957,1,1
77,"CCA-LDA",16,0.0448117561304888,1,1
77,"PCA-LDA",39,1.37094280555291e-06,1,1
78,"CCA-LDA",34,0.038738090612839,1,1
78,"PCA-LDA",31,0.0750469572052924,1,1
79,"CCA-LDA",33,0.050488819382114,1,1
79,"PCA-LDA",36,0.000342480374270758,1,1
8,"CCA-LDA",23,0.0506820431460385,1,1
8,"PCA-LDA",38,0.00139340119433075,1,1
80,"CCA-LDA",37,0.00160846194154497,1,1
80,"PCA-LDA",29,0.170831807865364,1,1
81,"CCA-LDA",34,0.00543725595414304,1,1
81,"PCA-LDA",39,3.31729947405224e-08,1,1
82,"CCA-LDA",35,0.00684353751400915,1,1
82,"PCA-LDA",34,0.012114369272572,1,1
83,"CCA-LDA",27,0.0749870032275939,1,1
83,"PCA-LDA",35,0.0487106319451947,1,1
84,"CCA-LDA",25,0.0402545401729724,1,1
84,"PCA-LDA",39,1.88516557037544e-06,1,1
85,"CCA-LDA",38,0.0243721600192065,1,1
85,"PCA-LDA",32,0.0870052004120881,1,1
86,"CCA-LDA",14,0.0981991128757123,1,1
86,"PCA-LDA",38,0.000422226017267926,1,1
87,"CCA-LDA",11,0.25656792604153,1,1
87,"PCA-LDA",30,0.140954804728964,1,1
88,"CCA-LDA",34,0.0822635789537818,1,1
88,"PCA-LDA",34,0.0714042207180258,1,1
89,"CCA-LDA",38,0.0548583005232368,1,1
89,"PCA-LDA",34,0.047674297016759,1,1
9,"CCA-LDA",38,0.047496413612165,1,1
9,"PCA-LDA",38,0.00126282137140189,1,1
90,"CCA-LDA",24,0.0596014588434375,1,1
90,"PCA-LDA",35,1.34676849013599e-10,1,1
91,"CCA-LDA",39,0.0624429216773621,1,1
91,"PCA-LDA",39,0.000843176967218639,1,1
92,"CCA-LDA",38,0.000481764148932611,1,1
92,"PCA-LDA",38,1.92170965783e-08,1,1
93,"CCA-LDA",33,0.0194421150039698,1,1
93,"PCA-LDA",36,0.0324473751195942,1,1
94,"CCA-LDA",37,0.020325108748769,1,1
94,"PCA-LDA",37,0.0320594690553603,1,1
95,"CCA-LDA",28,0.107915362270202,1,1
95,"PCA-LDA",24,0.130017055208561,1,1
96,"CCA-LDA",25,0.123623045509153,1,1
96,"PCA-LDA",30,0.0434691174453213,1,1
97,"CCA-LDA",35,0.0104903319546141,1,1
97,"PCA-LDA",33,0.0215991517660245,1,1
98,"CCA-LDA",37,0.0118066741749984,1,1
98,"PCA-LDA",31,0.0165809718722713,1,1
99,"CCA-LDA",28,0.0343013029611685,1,1
99,"PCA-LDA",36,0.00715924122353967,1,1
1,"CCA-LDA",27,0.0115822270538124,3,1
1,"PCA-LDA",35,0.00323105264033605,3,1
10,"CCA-LDA",36,0.101637606820765,3,1
10,"PCA-LDA",25,0.0600785806330737,3,1
100,"CCA-LDA",35,0.0321087224614082,3,1
100,"PCA-LDA",39,1.04337762368051e-07,3,1
101,"CCA-LDA",25,0.0659718335014215,3,1
101,"PCA-LDA",35,0.00676319383965865,3,1
102,"CCA-LDA",37,0.00208626086288876,3,1
102,"PCA-LDA",33,0.01041003822736,3,1
103,"CCA-LDA",37,0.0363702711921025,3,1
103,"PCA-LDA",39,4.26063411121569e-14,3,1
104,"CCA-LDA",30,0.0241679734370151,3,1
104,"PCA-LDA",35,0.0601211765419267,3,1
105,"CCA-LDA",3,0.350531739587219,3,1
105,"PCA-LDA",35,0.0668842985293825,3,1
106,"CCA-LDA",38,0.0114602059295442,3,1
106,"PCA-LDA",31,0.0405304687447629,3,1
107,"CCA-LDA",31,0.0344047321242246,3,1
107,"PCA-LDA",37,0.0599177460685566,3,1
108,"CCA-LDA",33,0.0105231015092069,3,1
108,"PCA-LDA",33,0.085098031180605,3,1
109,"CCA-LDA",31,0.0275557104415902,3,1
109,"PCA-LDA",37,0.0198847321240847,3,1
11,"CCA-LDA",38,0.00895202515968264,3,1
11,"PCA-LDA",37,0.00823574974104723,3,1
110,"CCA-LDA",36,0.0461547244347781,3,1
110,"PCA-LDA",34,0.00604564214457151,3,1
111,"CCA-LDA",25,0.0736653131019881,3,1
111,"PCA-LDA",30,0.0218997201295123,3,1
112,"CCA-LDA",32,0.0585876655758705,3,1
112,"PCA-LDA",37,0.0456058715736118,3,1
113,"CCA-LDA",33,0.0319157727624143,3,1
113,"PCA-LDA",33,0.0279064175279717,3,1
114,"CCA-LDA",34,0.0128285019962837,3,1
114,"PCA-LDA",37,0.0358610149421041,3,1
115,"CCA-LDA",28,0.0387746848651208,3,1
115,"PCA-LDA",37,0.00869091512969998,3,1
116,"CCA-LDA",34,0.0770704310152378,3,1
116,"PCA-LDA",39,6.86581725649403e-05,3,1
117,"CCA-LDA",27,0.0840295659685516,3,1
117,"PCA-LDA",30,0.118677061570084,3,1
118,"CCA-LDA",20,0.0512681797071242,3,1
118,"PCA-LDA",33,0.0532086709362594,3,1
119,"CCA-LDA",36,0.000761083797983833,3,1
119,"PCA-LDA",32,0.0447977144743246,3,1
12,"CCA-LDA",10,0.121040454865732,3,1
12,"PCA-LDA",37,6.16630289711104e-05,3,1
120,"CCA-LDA",31,0.00583351408071416,3,1
120,"PCA-LDA",24,0.14857451991976,3,1
121,"CCA-LDA",36,0.0378799230655224,3,1
121,"PCA-LDA",39,8.39064692706323e-13,3,1
122,"CCA-LDA",27,0.0610912723848628,3,1
122,"PCA-LDA",17,0.176538704273561,3,1
123,"CCA-LDA",20,0.0323918331501159,3,1
123,"PCA-LDA",38,0.00130390023339611,3,1
124,"CCA-LDA",32,0.012563075407924,3,1
124,"PCA-LDA",29,0.0375788811093625,3,1
125,"CCA-LDA",28,0.0511137893483488,3,1
125,"PCA-LDA",25,0.118975021211154,3,1
126,"CCA-LDA",37,0.0305197169160497,3,1
126,"PCA-LDA",29,0.0927731551905796,3,1
127,"CCA-LDA",39,0.033053071083816,3,1
127,"PCA-LDA",34,0.025551264320107,3,1
128,"CCA-LDA",28,0.0554756802152434,3,1
128,"PCA-LDA",31,0.0210819797478877,3,1
129,"CCA-LDA",28,0.0194948597664966,3,1
129,"PCA-LDA",37,0.0165832158532258,3,1
13,"CCA-LDA",35,0.0299173248142847,3,1
13,"PCA-LDA",32,0.0576037248450467,3,1
130,"CCA-LDA",34,0.0208255963853182,3,1
130,"PCA-LDA",35,0.0824155682082622,3,1
131,"CCA-LDA",33,0.133450276394637,3,1
131,"PCA-LDA",35,0.0470693982103306,3,1
132,"CCA-LDA",35,0.0414261276459894,3,1
132,"PCA-LDA",30,0.059015709883684,3,1
133,"CCA-LDA",13,0.0817493514530047,3,1
133,"PCA-LDA",36,0.00259579708580058,3,1
134,"CCA-LDA",27,0.028725777892574,3,1
134,"PCA-LDA",37,0.000469211931967969,3,1
135,"CCA-LDA",39,0.0263159155616808,3,1
135,"PCA-LDA",39,6.97215071086855e-05,3,1
136,"CCA-LDA",20,0.0810720894814156,3,1
136,"PCA-LDA",26,0.112384828948919,3,1
137,"CCA-LDA",31,0.0224885686187179,3,1
137,"PCA-LDA",39,0.0521099857003292,3,1
138,"CCA-LDA",37,0.0137386820828632,3,1
138,"PCA-LDA",36,0.0371511387836993,3,1
139,"CCA-LDA",33,0.0136739541697686,3,1
139,"PCA-LDA",39,0.0137614315101192,3,1
14,"CCA-LDA",39,0.0132050975712965,3,1
14,"PCA-LDA",38,0.0707141539084929,3,1
140,"CCA-LDA",37,0.028149274606765,3,1
140,"PCA-LDA",35,0.00396447063882446,3,1
141,"CCA-LDA",33,0.0188573223592082,3,1
141,"PCA-LDA",39,0,3,1
142,"CCA-LDA",16,0.0415925998690944,3,1
142,"PCA-LDA",34,0.0195775624114272,3,1
143,"CCA-LDA",39,0.0319665230872812,3,1
143,"PCA-LDA",37,1.57293135128433e-05,3,1
144,"CCA-LDA",26,0.0498706623019448,3,1
144,"PCA-LDA",38,0.0994829231460958,3,1
145,"CCA-LDA",37,0.108302172201589,3,1
145,"PCA-LDA",33,0.00152430088109616,3,1
146,"CCA-LDA",23,0.071486218021681,3,1
146,"PCA-LDA",37,0.0246908074497263,3,1
147,"CCA-LDA",34,0.0260869518005841,3,1
147,"PCA-LDA",34,0.0223575663520689,3,1
148,"CCA-LDA",15,0.101225161314178,3,1
148,"PCA-LDA",37,0.00315890429481364,3,1
149,"CCA-LDA",38,0.0233222352401535,3,1
149,"PCA-LDA",35,0.0047861081174528,3,1
15,"CCA-LDA",38,0.033640083170837,3,1
15,"PCA-LDA",37,2.40813732126093e-05,3,1
150,"CCA-LDA",18,0.0513238700954409,3,1
150,"PCA-LDA",39,0.00358109081938375,3,1
151,"CCA-LDA",26,0.0723014700616024,3,1
151,"PCA-LDA",28,0.0448062480437304,3,1
152,"CCA-LDA",39,3.55689106015783e-05,3,1
152,"PCA-LDA",34,0.0149447296047955,3,1
153,"CCA-LDA",33,0.0593023622067665,3,1
153,"PCA-LDA",35,0.0881736053841137,3,1
154,"CCA-LDA",36,0.0258426780129388,3,1
154,"PCA-LDA",27,0.0981404011553823,3,1
155,"CCA-LDA",28,0.0600365445878074,3,1
155,"PCA-LDA",28,0.0695621940921487,3,1
156,"CCA-LDA",22,0.0666177491824846,3,1
156,"PCA-LDA",29,0.0656199589545016,3,1
157,"CCA-LDA",29,0.110825259440588,3,1
157,"PCA-LDA",21,0.153916653486478,3,1
158,"CCA-LDA",32,0.0358771238006585,3,1
158,"PCA-LDA",32,0.138428067341363,3,1
159,"CCA-LDA",35,0.0423829673877243,3,1
159,"PCA-LDA",30,0.103119455825199,3,1
16,"CCA-LDA",32,0.0473639958680745,3,1
16,"PCA-LDA",28,0.0653215373953351,3,1
160,"CCA-LDA",33,0.0204021655394889,3,1
160,"PCA-LDA",36,1.02144776178555e-06,3,1
161,"CCA-LDA",36,0.0063636807294325,3,1
161,"PCA-LDA",30,0.0791478425095213,3,1
162,"CCA-LDA",37,0.00098034643427185,3,1
162,"PCA-LDA",35,0.0217428531413485,3,1
163,"CCA-LDA",26,0.0695732754799823,3,1
163,"PCA-LDA",28,0.0988350908747944,3,1
164,"CCA-LDA",23,0.0594699855580428,3,1
164,"PCA-LDA",39,7.72499749647713e-07,3,1
165,"CCA-LDA",36,0.0395749411531934,3,1
165,"PCA-LDA",35,0.0459787418824637,3,1
166,"CCA-LDA",28,0.106781242656395,3,1
166,"PCA-LDA",34,0.0287971649273102,3,1
167,"CCA-LDA",32,0.0404395314129432,3,1
167,"PCA-LDA",36,0.0333571191483883,3,1
168,"CCA-LDA",27,0.0380971447166341,3,1
168,"PCA-LDA",38,0.0085002716334628,3,1
169,"CCA-LDA",39,0.00458865942975964,3,1
169,"PCA-LDA",34,0.0131782746536471,3,1
17,"CCA-LDA",36,0.0546892298258985,3,1
17,"PCA-LDA",39,0.00153836999225617,3,1
170,"CCA-LDA",36,0.0238295939408726,3,1
170,"PCA-LDA",35,0.0472707780860565,3,1
171,"CCA-LDA",37,0.00212567895472993,3,1
171,"PCA-LDA",30,0.0350854315126203,3,1
172,"CCA-LDA",34,0.0491301225579317,3,1
172,"PCA-LDA",38,7.41544563689947e-06,3,1
173,"CCA-LDA",25,0.100560894040579,3,1
173,"PCA-LDA",25,0.0872427282657882,3,1
174,"CCA-LDA",33,0.0213681158748661,3,1
174,"PCA-LDA",32,0.0519572341751959,3,1
175,"CCA-LDA",35,0.0235217701592284,3,1
175,"PCA-LDA",34,0.000204307333472176,3,1
176,"CCA-LDA",35,0.000977592637148835,3,1
176,"PCA-LDA",31,0.101768081083702,3,1
177,"CCA-LDA",38,0.00695862475224502,3,1
177,"PCA-LDA",39,3.82680367788844e-13,3,1
178,"CCA-LDA",37,0.0237601251734117,3,1
178,"PCA-LDA",33,0.0872121914675588,3,1
179,"CCA-LDA",38,0.0184901706452497,3,1
179,"PCA-LDA",36,0.022815594950269,3,1
18,"CCA-LDA",24,0.0297895608601057,3,1
18,"PCA-LDA",32,0.0508561941516626,3,1
180,"CCA-LDA",39,0.0230957406788614,3,1
180,"PCA-LDA",32,0.0325520244716395,3,1
181,"CCA-LDA",30,0.0181631027862061,3,1
181,"PCA-LDA",39,4.7819828846449e-11,3,1
182,"CCA-LDA",25,0.0552287226443087,3,1
182,"PCA-LDA",36,0.030497348880069,3,1
183,"CCA-LDA",35,0.0401562300830238,3,1
183,"PCA-LDA",37,0.051387905367752,3,1
184,"CCA-LDA",38,4.22192211931105e-05,3,1
184,"PCA-LDA",34,0.0540655462819316,3,1
185,"CCA-LDA",35,0.0476343983545138,3,1
185,"PCA-LDA",39,0.000914125723673097,3,1
186,"CCA-LDA",21,0.14387122022379,3,1
186,"PCA-LDA",37,0.000613555794282252,3,1
187,"CCA-LDA",25,0.106179252786417,3,1
187,"PCA-LDA",37,0.00748095850251037,3,1
188,"CCA-LDA",34,0.0683059864437341,3,1
188,"PCA-LDA",26,0.0916976949200936,3,1
189,"CCA-LDA",38,0.00412939335865455,3,1
189,"PCA-LDA",32,0.00042404857544161,3,1
19,"CCA-LDA",38,0.0143475796337491,3,1
19,"PCA-LDA",31,0.0349746578111511,3,1
190,"CCA-LDA",32,0.0294552616630411,3,1
190,"PCA-LDA",32,0.0737068781830779,3,1
191,"CCA-LDA",36,0.00619601394673421,3,1
191,"PCA-LDA",39,1.76170838255312e-05,3,1
192,"CCA-LDA",36,0.0136880239219055,3,1
192,"PCA-LDA",33,0.0496896551662872,3,1
193,"CCA-LDA",38,0.0224909342138155,3,1
193,"PCA-LDA",30,0.0391334720976501,3,1
194,"CCA-LDA",35,0.00958607946048338,3,1
194,"PCA-LDA",35,0.00023909205768256,3,1
195,"CCA-LDA",22,0.0276410175190018,3,1
195,"PCA-LDA",33,0.0264307933113191,3,1
196,"CCA-LDA",31,0.0211388949600168,3,1
196,"PCA-LDA",38,0.00315803758682883,3,1
197,"CCA-LDA",38,0.0166111674302563,3,1
197,"PCA-LDA",39,0.00312564040827334,3,1
198,"CCA-LDA",17,0.0518422501879709,3,1
198,"PCA-LDA",38,0.00343040137311337,3,1
199,"CCA-LDA",29,0.0406350358723764,3,1
199,"PCA-LDA",28,0.0695634177858946,3,1
2,"CCA-LDA",19,0.100419269568169,3,1
2,"PCA-LDA",24,0.114007742759996,3,1
20,"CCA-LDA",14,0.0781183859801195,3,1
20,"PCA-LDA",30,0.149721157334558,3,1
200,"CCA-LDA",27,0.0225743408704322,3,1
200,"PCA-LDA",39,5.22160430742755e-11,3,1
21,"CCA-LDA",33,0.0189402592075492,3,1
21,"PCA-LDA",38,0.00558811364144213,3,1
22,"CCA-LDA",31,0.164051054906027,3,1
22,"PCA-LDA",36,3.79236337144226e-05,3,1
23,"CCA-LDA",34,0.0720044739008295,3,1
23,"PCA-LDA",32,0.0111577901263243,3,1
24,"CCA-LDA",37,0.0240183507555451,3,1
24,"PCA-LDA",38,0.00314611220602076,3,1
25,"CCA-LDA",38,0.028751908960577,3,1
25,"PCA-LDA",38,0.000294212905898923,3,1
26,"CCA-LDA",36,0.11718648966177,3,1
26,"PCA-LDA",33,0.0351713491889567,3,1
27,"CCA-LDA",29,0.0360810706583409,3,1
27,"PCA-LDA",31,0.0576388623983461,3,1
28,"CCA-LDA",25,0.0852420878149294,3,1
28,"PCA-LDA",39,0.0528514633242566,3,1
29,"CCA-LDA",23,0.0389675871614227,3,1
29,"PCA-LDA",36,0.000318017337979961,3,1
3,"CCA-LDA",32,0.00847967633116343,3,1
3,"PCA-LDA",36,0.00274709412358671,3,1
30,"CCA-LDA",31,0.0736642990803391,3,1
30,"PCA-LDA",39,0.00919144730057261,3,1
31,"CCA-LDA",31,0.0379527320822693,3,1
31,"PCA-LDA",32,0.0195027391614999,3,1
32,"CCA-LDA",33,0.0474833452436512,3,1
32,"PCA-LDA",39,0.00356155591046172,3,1
33,"CCA-LDA",21,0.0408816703267465,3,1
33,"PCA-LDA",29,0.108694534442979,3,1
34,"CCA-LDA",29,0.0556685002353484,3,1
34,"PCA-LDA",38,0.00105901641737339,3,1
35,"CCA-LDA",34,0.002627228581583,3,1
35,"PCA-LDA",39,1.71527371563244e-08,3,1
36,"CCA-LDA",24,0.0645809801264537,3,1
36,"PCA-LDA",28,0.0860477770878067,3,1
37,"CCA-LDA",34,0.0253872008240407,3,1
37,"PCA-LDA",31,0.022367267662885,3,1
38,"CCA-LDA",17,0.0575041865411754,3,1
38,"PCA-LDA",29,0.0621482605539767,3,1
39,"CCA-LDA",31,0.0296451606198086,3,1
39,"PCA-LDA",38,1.40681612903263e-06,3,1
4,"CCA-LDA",31,0.0510500854015651,3,1
4,"PCA-LDA",36,4.82248142761316e-15,3,1
40,"CCA-LDA",38,0.0596861118984676,3,1
40,"PCA-LDA",32,0.0102992924540208,3,1
41,"CCA-LDA",37,0.00719328820219353,3,1
41,"PCA-LDA",38,0.0508595575463576,3,1
42,"CCA-LDA",30,0.0806247966624666,3,1
42,"PCA-LDA",36,0.107763139389077,3,1
43,"CCA-LDA",37,0.174163040379412,3,1
43,"PCA-LDA",38,1.07017105158108e-12,3,1
44,"CCA-LDA",24,0.0895629008516584,3,1
44,"PCA-LDA",37,0.0045354422988774,3,1
45,"CCA-LDA",32,0.0290280364007434,3,1
45,"PCA-LDA",25,0.0805714490521364,3,1
46,"CCA-LDA",16,0.0864248929126425,3,1
46,"PCA-LDA",18,0.18974003100526,3,1
47,"CCA-LDA",33,0.0012014370019516,3,1
47,"PCA-LDA",31,0.0510438689625694,3,1
48,"CCA-LDA",38,0.00914406168380983,3,1
48,"PCA-LDA",36,0.0154847580797012,3,1
49,"CCA-LDA",32,0.0314192213085605,3,1
49,"PCA-LDA",37,0.00886751312712067,3,1
5,"CCA-LDA",25,0.0885448858966107,3,1
5,"PCA-LDA",27,0.0665444692022574,3,1
50,"CCA-LDA",36,2.29113368197057e-05,3,1
50,"PCA-LDA",32,0.0563368183871946,3,1
51,"CCA-LDA",34,0.00897055722056654,3,1
51,"PCA-LDA",39,2.05085468104912e-07,3,1
52,"CCA-LDA",39,0.0875811672265469,3,1
52,"PCA-LDA",37,3.91780525418428e-05,3,1
53,"CCA-LDA",39,0.00693403360335861,3,1
53,"PCA-LDA",34,0.0207464516057793,3,1
54,"CCA-LDA",39,0.0543654894230038,3,1
54,"PCA-LDA",39,0.000399999453620269,3,1
55,"CCA-LDA",29,0.0526872385716901,3,1
55,"PCA-LDA",36,0.00952864203060949,3,1
56,"CCA-LDA",39,0.0546098644488795,3,1
56,"PCA-LDA",37,0.00810455397045288,3,1
57,"CCA-LDA",27,0.0472684841227187,3,1
57,"PCA-LDA",32,0.0162421900058244,3,1
58,"CCA-LDA",35,0.00285186500157884,3,1
58,"PCA-LDA",37,0.0306426190367965,3,1
59,"CCA-LDA",36,8.71684401084977e-05,3,1
59,"PCA-LDA",31,0.0212631056596746,3,1
6,"CCA-LDA",28,0.0404826104837464,3,1
6,"PCA-LDA",39,7.06145630777293e-07,3,1
60,"CCA-LDA",32,0.014186222303394,3,1
60,"PCA-LDA",38,1.95936275828524e-07,3,1
61,"CCA-LDA",19,0.0409828634817133,3,1
61,"PCA-LDA",37,0.0014484329584407,3,1
62,"CCA-LDA",21,0.0406165714616201,3,1
62,"PCA-LDA",24,0.0985999171068745,3,1
63,"CCA-LDA",32,0.00428805206089336,3,1
63,"PCA-LDA",38,0.0129155145948714,3,1
64,"CCA-LDA",38,0.000999954396955823,3,1
64,"PCA-LDA",37,5.34351916626328e-05,3,1
65,"CCA-LDA",39,0.0298190236398763,3,1
65,"PCA-LDA",34,0.000377370672916232,3,1
66,"CCA-LDA",18,0.0648573631591345,3,1
66,"PCA-LDA",35,0.0221884067918641,3,1
67,"CCA-LDA",32,0.0208531778773723,3,1
67,"PCA-LDA",35,6.5788567194173e-05,3,1
68,"CCA-LDA",32,0.124441181849773,3,1
68,"PCA-LDA",37,0.0840723634845654,3,1
69,"CCA-LDA",35,0.0319819633611986,3,1
69,"PCA-LDA",37,0.000332009181825944,3,1
7,"CCA-LDA",38,0.0123904776419213,3,1
7,"PCA-LDA",39,4.04552666869654e-05,3,1
70,"CCA-LDA",16,0.0577447926402381,3,1
70,"PCA-LDA",32,0.0161918905403087,3,1
71,"CCA-LDA",10,0.204405841892022,3,1
71,"PCA-LDA",38,2.78451460013366e-05,3,1
72,"CCA-LDA",30,0.0308735458675986,3,1
72,"PCA-LDA",37,0.0127995666600986,3,1
73,"CCA-LDA",16,0.078719889237509,3,1
73,"PCA-LDA",34,0.00121687022453917,3,1
74,"CCA-LDA",35,0.0100480174943487,3,1
74,"PCA-LDA",31,0.0507978071748527,3,1
75,"CCA-LDA",17,0.122371348189642,3,1
75,"PCA-LDA",36,0.0427312315854525,3,1
76,"CCA-LDA",25,0.15610693489668,3,1
76,"PCA-LDA",29,0.111408262129957,3,1
77,"CCA-LDA",16,0.0448117561304888,3,1
77,"PCA-LDA",39,1.37094280555291e-06,3,1
78,"CCA-LDA",34,0.038738090612839,3,1
78,"PCA-LDA",31,0.0750469572052924,3,1
79,"CCA-LDA",33,0.050488819382114,3,1
79,"PCA-LDA",36,0.000342480374270758,3,1
8,"CCA-LDA",23,0.0506820431460385,3,1
8,"PCA-LDA",38,0.00139340119433075,3,1
80,"CCA-LDA",37,0.00160846194154497,3,1
80,"PCA-LDA",29,0.170831807865364,3,1
81,"CCA-LDA",34,0.00543725595414304,3,1
81,"PCA-LDA",39,3.31729947405224e-08,3,1
82,"CCA-LDA",35,0.00684353751400915,3,1
82,"PCA-LDA",34,0.012114369272572,3,1
83,"CCA-LDA",27,0.0749870032275939,3,1
83,"PCA-LDA",35,0.0487106319451947,3,1
84,"CCA-LDA",25,0.0402545401729724,3,1
84,"PCA-LDA",39,1.88516557037544e-06,3,1
85,"CCA-LDA",38,0.0243721600192065,3,1
85,"PCA-LDA",32,0.0870052004120881,3,1
86,"CCA-LDA",14,0.0981991128757123,3,1
86,"PCA-LDA",38,0.000422226017267926,3,1
87,"CCA-LDA",11,0.25656792604153,3,1
87,"PCA-LDA",30,0.140954804728964,3,1
88,"CCA-LDA",34,0.0822635789537818,3,1
88,"PCA-LDA",34,0.0714042207180258,3,1
89,"CCA-LDA",38,0.0548583005232368,3,1
89,"PCA-LDA",34,0.047674297016759,3,1
9,"CCA-LDA",38,0.047496413612165,3,1
9,"PCA-LDA",38,0.00126282137140189,3,1
90,"CCA-LDA",24,0.0596014588434375,3,1
90,"PCA-LDA",35,1.34676849013599e-10,3,1
91,"CCA-LDA",39,0.0624429216773621,3,1
91,"PCA-LDA",39,0.000843176967218639,3,1
92,"CCA-LDA",38,0.000481764148932611,3,1
92,"PCA-LDA",38,1.92170965783e-08,3,1
93,"CCA-LDA",33,0.0194421150039698,3,1
93,"PCA-LDA",36,0.0324473751195942,3,1
94,"CCA-LDA",37,0.020325108748769,3,1
94,"PCA-LDA",37,0.0320594690553603,3,1
95,"CCA-LDA",28,0.107915362270202,3,1
95,"PCA-LDA",24,0.130017055208561,3,1
96,"CCA-LDA",25,0.123623045509153,3,1
96,"PCA-LDA",30,0.0434691174453213,3,1
97,"CCA-LDA",35,0.0104903319546141,3,1
97,"PCA-LDA",33,0.0215991517660245,3,1
98,"CCA-LDA",37,0.0118066741749984,3,1
98,"PCA-LDA",31,0.0165809718722713,3,1
99,"CCA-LDA",28,0.0343013029611685,3,1
99,"PCA-LDA",36,0.00715924122353967,3,1
1,"CCA-LDA",36,0.00189205648450266,1,2
1,"PCA-LDA",26,0.0569074828286317,1,2
10,"CCA-LDA",22,0.0557304917443073,1,2
10,"PCA-LDA",18,0.11979654731625,1,2
100,"CCA-LDA",38,0.0302924643525895,1,2
100,"PCA-LDA",30,0.0382731866747624,1,2
101,"CCA-LDA",32,0.0174115065045206,1,2
101,"PCA-LDA",32,0.0106155030435035,1,2
102,"CCA-LDA",38,0.0125634064443349,1,2
102,"PCA-LDA",33,0.01041003822736,1,2
103,"CCA-LDA",32,0.143166821054415,1,2
103,"PCA-LDA",36,0.00188368647718903,1,2
104,"CCA-LDA",18,0.0688257345174183,1,2
104,"PCA-LDA",39,2.74843232092531e-05,1,2
105,"CCA-LDA",14,0.0830112210498599,1,2
105,"PCA-LDA",24,0.108239703797395,1,2
106,"CCA-LDA",28,0.0451939300757154,1,2
106,"PCA-LDA",28,0.0420529279473411,1,2
107,"CCA-LDA",37,0.000229968031854433,1,2
107,"PCA-LDA",25,0.084189953762545,1,2
108,"CCA-LDA",27,0.0914940263788884,1,2
108,"PCA-LDA",24,0.104772183454608,1,2
109,"CCA-LDA",36,0.104018807644191,1,2
109,"PCA-LDA",33,0.0255267550054659,1,2
11,"CCA-LDA",18,0.0731264257624451,1,2
11,"PCA-LDA",30,0.0215370748752014,1,2
110,"CCA-LDA",37,0.0864077960747235,1,2
110,"PCA-LDA",37,0.000374604756125651,1,2
111,"CCA-LDA",37,0.0299912841225732,1,2
111,"PCA-LDA",26,0.0452072283903389,1,2
112,"CCA-LDA",33,0.0367197838306384,1,2
112,"PCA-LDA",19,0.177761489234333,1,2
113,"CCA-LDA",36,0.0364627606022316,1,2
113,"PCA-LDA",30,0.0266021226483402,1,2
114,"CCA-LDA",16,0.0905801162544044,1,2
114,"PCA-LDA",33,0.0756603656692659,1,2
115,"CCA-LDA",28,0.0387746848651208,1,2
115,"PCA-LDA",33,0.0342186043631521,1,2
116,"CCA-LDA",24,0.0874304900351328,1,2
116,"PCA-LDA",29,0.0554767672484434,1,2
117,"CCA-LDA",37,0.12754141875536,1,2
117,"PCA-LDA",36,0.00594548836698166,1,2
118,"CCA-LDA",13,0.0543069208707624,1,2
118,"PCA-LDA",31,0.0548677189374302,1,2
119,"CCA-LDA",27,0.0185204965875228,1,2
119,"PCA-LDA",32,0.0447977144743246,1,2
12,"CCA-LDA",14,0.0607730185790029,1,2
12,"PCA-LDA",39,2.10211006023875e-09,1,2
120,"CCA-LDA",31,0.00583351408071416,1,2
120,"PCA-LDA",28,0.114820889534547,1,2
121,"CCA-LDA",17,0.0418847858127804,1,2
121,"PCA-LDA",33,0.000846544003607898,1,2
122,"CCA-LDA",28,0.0742055526660287,1,2
122,"PCA-LDA",31,0.130200536926435,1,2
123,"CCA-LDA",25,0.0224413776239223,1,2
123,"PCA-LDA",28,0.0183976875778603,1,2
124,"CCA-LDA",17,0.038549176534826,1,2
124,"PCA-LDA",27,0.0661856695464665,1,2
125,"CCA-LDA",14,0.0746817285856851,1,2
125,"PCA-LDA",27,0.109680736074461,1,2
126,"CCA-LDA",16,0.0746201568723575,1,2
126,"PCA-LDA",24,0.110919267403482,1,2
127,"CCA-LDA",22,0.0361552350342508,1,2
127,"PCA-LDA",31,0.0238652561318683,1,2
128,"CCA-LDA",36,0.036781981657994,1,2
128,"PCA-LDA",28,0.0307475588935052,1,2
129,"CCA-LDA",33,0.0116143996189333,1,2
129,"PCA-LDA",34,0.0157895936023989,1,2
13,"CCA-LDA",14,0.0444287077906945,1,2
13,"PCA-LDA",27,0.0711935863182015,1,2
130,"CCA-LDA",15,0.0375963891697744,1,2
130,"PCA-LDA",19,0.156899600972318,1,2
131,"CCA-LDA",29,0.164368120947689,1,2
131,"PCA-LDA",31,0.0871811434856134,1,2
132,"CCA-LDA",32,0.0315661334868263,1,2
132,"PCA-LDA",28,0.0671302482641761,1,2
133,"CCA-LDA",28,0.0157732778644535,1,2
133,"PCA-LDA",36,0.00259579708580058,1,2
134,"CCA-LDA",34,0.0368850989933543,1,2
134,"PCA-LDA",37,0.000469211931967969,1,2
135,"CCA-LDA",28,0.027546649596316,1,2
135,"PCA-LDA",37,0.00039352963747901,1,2
136,"CCA-LDA",20,0.0810720894814156,1,2
136,"PCA-LDA",22,0.115903690945289,1,2
137,"CCA-LDA",36,0.00262469805598558,1,2
137,"PCA-LDA",30,0.0891441467527655,1,2
138,"CCA-LDA",32,0.041262188067661,1,2
138,"PCA-LDA",26,0.0654940187837322,1,2
139,"CCA-LDA",23,0.0399017835839458,1,2
139,"PCA-LDA",36,0.0309375620016973,1,2
14,"CCA-LDA",12,0.0999390459406856,1,2
14,"PCA-LDA",33,0.0786138159016153,1,2
140,"CCA-LDA",17,0.0382405255420187,1,2
140,"PCA-LDA",32,0.0160002351842664,1,2
141,"CCA-LDA",34,0.0156280284376185,1,2
141,"PCA-LDA",37,1.77799635122497e-08,1,2
142,"CCA-LDA",32,0.0863874741404543,1,2
142,"PCA-LDA",32,0.0231559019337879,1,2
143,"CCA-LDA",32,0.0518953321388036,1,2
143,"PCA-LDA",34,0.0004178316946839,1,2
144,"CCA-LDA",13,0.0429584798992887,1,2
144,"PCA-LDA",33,0.128061572721395,1,2
145,"CCA-LDA",20,0.109201348725179,1,2
145,"PCA-LDA",32,0.00103420145048055,1,2
146,"CCA-LDA",16,0.09417523861802,1,2
146,"PCA-LDA",36,0.0268217255815497,1,2
147,"CCA-LDA",17,0.0488786786112248,1,2
147,"PCA-LDA",29,0.0221215280042007,1,2
148,"CCA-LDA",21,0.0414320761902143,1,2
148,"PCA-LDA",35,0.00795042767300827,1,2
149,"CCA-LDA",30,0.0283521965067874,1,2
149,"PCA-LDA",32,0.0149708552993781,1,2
15,"CCA-LDA",33,0.0917497524917878,1,2
15,"PCA-LDA",36,2.67575679677597e-05,1,2
150,"CCA-LDA",36,0.0346694645119283,1,2
150,"PCA-LDA",33,0.0424061249989919,1,2
151,"CCA-LDA",14,0.061219049640995,1,2
151,"PCA-LDA",23,0.0543124609139315,1,2
152,"CCA-LDA",32,0.0112774699280444,1,2
152,"PCA-LDA",31,0.0168331805210126,1,2
153,"CCA-LDA",38,1.28504015990847e-05,1,2
153,"PCA-LDA",31,0.0980459365169186,1,2
154,"CCA-LDA",15,0.0644777729220052,1,2
154,"PCA-LDA",27,0.0981404011553823,1,2
155,"CCA-LDA",30,0.146137252152356,1,2
155,"PCA-LDA",32,0.0858678689402149,1,2
156,"CCA-LDA",32,0.0778497964495132,1,2
156,"PCA-LDA",22,0.129240827433435,1,2
157,"CCA-LDA",39,0.00343552924030056,1,2
157,"PCA-LDA",22,0.150562941811717,1,2
158,"CCA-LDA",26,0.05641211188921,1,2
158,"PCA-LDA",28,0.158540315360958,1,2
159,"CCA-LDA",14,0.0862147949375177,1,2
159,"PCA-LDA",29,0.101875103377427,1,2
16,"CCA-LDA",16,0.0465514349139639,1,2
16,"PCA-LDA",27,0.0644691822329751,1,2
160,"CCA-LDA",29,0.0619449898040718,1,2
160,"PCA-LDA",36,1.02144776178555e-06,1,2
161,"CCA-LDA",14,0.0324327351564062,1,2
161,"PCA-LDA",36,0.00104937121545049,1,2
162,"CCA-LDA",38,0.00336797559680827,1,2
162,"PCA-LDA",37,0.000377535698657759,1,2
163,"CCA-LDA",29,0.0195658975627121,1,2
163,"PCA-LDA",22,0.128271260108507,1,2
164,"CCA-LDA",34,0.0376578455166295,1,2
164,"PCA-LDA",36,3.77395072019779e-06,1,2
165,"CCA-LDA",14,0.0555508651815123,1,2
165,"PCA-LDA",33,0.0490827272782795,1,2
166,"CCA-LDA",24,0.100253463527016,1,2
166,"PCA-LDA",29,0.0387459576248794,1,2
167,"CCA-LDA",25,0.125539450432231,1,2
167,"PCA-LDA",33,0.0420963271228796,1,2
168,"CCA-LDA",15,0.067232443416562,1,2
168,"PCA-LDA",29,0.114632706430413,1,2
169,"CCA-LDA",13,0.0918588409918232,1,2
169,"PCA-LDA",29,0.031723003420261,1,2
17,"CCA-LDA",28,0.082605085939869,1,2
17,"PCA-LDA",38,0.000569254507506543,1,2
170,"CCA-LDA",15,0.0893946119623167,1,2
170,"PCA-LDA",31,0.0550445936494536,1,2
171,"CCA-LDA",32,0.006081956269069,1,2
171,"PCA-LDA",34,5.0527298455995e-05,1,2
172,"CCA-LDA",35,0.0481216183530549,1,2
172,"PCA-LDA",36,0.000251283924387031,1,2
173,"CCA-LDA",23,0.112352478712893,1,2
173,"PCA-LDA",23,0.0880045788895678,1,2
174,"CCA-LDA",31,0.0277285107973995,1,2
174,"PCA-LDA",31,0.0706101378683309,1,2
175,"CCA-LDA",28,0.0393251581842975,1,2
175,"PCA-LDA",34,0.000204307333472176,1,2
176,"CCA-LDA",30,0.0173803445609018,1,2
176,"PCA-LDA",27,0.124320649397895,1,2
177,"CCA-LDA",36,0.00843568217932872,1,2
177,"PCA-LDA",32,0.0160522704320105,1,2
178,"CCA-LDA",32,0.0819844827101874,1,2
178,"PCA-LDA",33,0.0872121914675588,1,2
179,"CCA-LDA",28,0.00901727942290392,1,2
179,"PCA-LDA",28,0.0883523441194721,1,2
18,"CCA-LDA",29,0.0270437162207819,1,2
18,"PCA-LDA",34,0.0106695143259468,1,2
180,"CCA-LDA",18,0.0740062142751268,1,2
180,"PCA-LDA",32,0.0325520244716395,1,2
181,"CCA-LDA",13,0.07000856009109,1,2
181,"PCA-LDA",34,0.00152926355500366,1,2
182,"CCA-LDA",31,0.0105299981651307,1,2
182,"PCA-LDA",32,0.0414402923708916,1,2
183,"CCA-LDA",37,0.00492833558571511,1,2
183,"PCA-LDA",36,0.0583630024361331,1,2
184,"CCA-LDA",13,0.0474108678814981,1,2
184,"PCA-LDA",38,0.0181452122530403,1,2
185,"CCA-LDA",21,0.0266770898110838,1,2
185,"PCA-LDA",34,0.0626935150814994,1,2
186,"CCA-LDA",39,0.108720929160612,1,2
186,"PCA-LDA",31,0.00841247186119817,1,2
187,"CCA-LDA",26,0.0787294294893028,1,2
187,"PCA-LDA",35,0.00956724757677512,1,2
188,"CCA-LDA",19,0.0622950560861057,1,2
188,"PCA-LDA",22,0.104118258604103,1,2
189,"CCA-LDA",21,0.0554597505252733,1,2
189,"PCA-LDA",29,0.00044788244165709,1,2
19,"CCA-LDA",25,0.0290162844036542,1,2
19,"PCA-LDA",31,0.0349746578111511,1,2
190,"CCA-LDA",31,0.042834895661251,1,2
190,"PCA-LDA",26,0.070649020906884,1,2
191,"CCA-LDA",16,0.0634063162201703,1,2
191,"PCA-LDA",35,0.000597129645798535,1,2
192,"CCA-LDA",14,0.0732806600668048,1,2
192,"PCA-LDA",26,0.0804200367234225,1,2
193,"CCA-LDA",22,0.0878264541778281,1,2
193,"PCA-LDA",28,0.0664509635696494,1,2
194,"CCA-LDA",28,0.0230404650254586,1,2
194,"PCA-LDA",25,0.0570768872116304,1,2
195,"CCA-LDA",18,0.0300005419198414,1,2
195,"PCA-LDA",38,1.25655846016825e-05,1,2
196,"CCA-LDA",25,0.0337866957521204,1,2
196,"PCA-LDA",34,0.0170508397173676,1,2
197,"CCA-LDA",20,0.0997470289835932,1,2
197,"PCA-LDA",32,0.012957345806824,1,2
198,"CCA-LDA",31,0.0752723349214034,1,2
198,"PCA-LDA",25,0.0185411926991213,1,2
199,"CCA-LDA",14,0.0484596377144717,1,2
199,"PCA-LDA",39,3.72929680810274e-05,1,2
2,"CCA-LDA",32,0.0240483607687611,1,2
2,"PCA-LDA",38,2.00028569092938e-06,1,2
20,"CCA-LDA",16,0.0777664288954634,1,2
20,"PCA-LDA",35,0.0537947787552958,1,2
200,"CCA-LDA",25,0.0647592003409972,1,2
200,"PCA-LDA",35,0.00916984618127395,1,2
21,"CCA-LDA",14,0.0811333707065193,1,2
21,"PCA-LDA",34,0.00319468552843624,1,2
22,"CCA-LDA",16,0.0319361395134841,1,2
22,"PCA-LDA",25,0.0637905486293149,1,2
23,"CCA-LDA",37,0.0343547205234336,1,2
23,"PCA-LDA",25,0.0744484242991706,1,2
24,"CCA-LDA",34,0.0301341449946098,1,2
24,"PCA-LDA",34,0.00492218372810618,1,2
25,"CCA-LDA",29,0.120697369023058,1,2
25,"PCA-LDA",27,0.00859609766949741,1,2
26,"CCA-LDA",14,0.0554167695623431,1,2
26,"PCA-LDA",29,0.0889599846305246,1,2
27,"CCA-LDA",13,0.0598403569504607,1,2
27,"PCA-LDA",30,0.0599612749316209,1,2
28,"CCA-LDA",30,0.0712244283110948,1,2
28,"PCA-LDA",36,0.0592546285904026,1,2
29,"CCA-LDA",21,0.03972343786473,1,2
29,"PCA-LDA",32,0.00173828966914711,1,2
3,"CCA-LDA",27,0.0195829411594664,1,2
3,"PCA-LDA",30,0.0204525167103796,1,2
30,"CCA-LDA",36,0.130309068032999,1,2
30,"PCA-LDA",38,0.00760142944250977,1,2
31,"CCA-LDA",20,0.0780550072102086,1,2
31,"PCA-LDA",32,0.0195027391614999,1,2
32,"CCA-LDA",20,0.0540108838614463,1,2
32,"PCA-LDA",25,0.158424245607443,1,2
33,"CCA-LDA",32,0.0287987718626162,1,2
33,"PCA-LDA",29,0.108694534442979,1,2
34,"CCA-LDA",21,0.0867870721833339,1,2
34,"PCA-LDA",34,0.0183715233243384,1,2
35,"CCA-LDA",33,0.00429039133275152,1,2
35,"PCA-LDA",39,1.71527371563244e-08,1,2
36,"CCA-LDA",29,0.0414238179420394,1,2
36,"PCA-LDA",33,0.00882787674910733,1,2
37,"CCA-LDA",30,0.00529948562483869,1,2
37,"PCA-LDA",31,0.022367267662885,1,2
38,"CCA-LDA",38,0.142495368166131,1,2
38,"PCA-LDA",25,0.0874433266288123,1,2
39,"CCA-LDA",17,0.058449392899174,1,2
39,"PCA-LDA",37,2.46415603997426e-05,1,2
4,"CCA-LDA",38,3.53250572696912e-09,1,2
4,"PCA-LDA",33,0.00305690363494256,1,2
40,"CCA-LDA",33,0.0733234045168706,1,2
40,"PCA-LDA",36,0.0113759431102497,1,2
41,"CCA-LDA",34,0.00999920030471246,1,2
41,"PCA-LDA",33,0.0533803098898553,1,2
42,"CCA-LDA",20,0.0482866084135107,1,2
42,"PCA-LDA",27,0.147909679636521,1,2
43,"CCA-LDA",21,0.0891220071363173,1,2
43,"PCA-LDA",37,8.54512546722967e-13,1,2
44,"CCA-LDA",38,0.07243644010731,1,2
44,"PCA-LDA",28,0.0551917542826871,1,2
45,"CCA-LDA",15,0.0693954019899474,1,2
45,"PCA-LDA",23,0.0789886448567418,1,2
46,"CCA-LDA",14,0.096285377593662,1,2
46,"PCA-LDA",35,0.0828352813985721,1,2
47,"CCA-LDA",36,0.000272980656198718,1,2
47,"PCA-LDA",28,0.0646261640520739,1,2
48,"CCA-LDA",18,0.0623368347438713,1,2
48,"PCA-LDA",28,0.0871893987270737,1,2
49,"CCA-LDA",23,0.0948993058137671,1,2
49,"PCA-LDA",39,0.000539846736607714,1,2
5,"CCA-LDA",35,0.00253501208026019,1,2
5,"PCA-LDA",38,7.1039367748023e-12,1,2
50,"CCA-LDA",16,0.0864671352602503,1,2
50,"PCA-LDA",26,0.0665037196231776,1,2
51,"CCA-LDA",33,0.0205667760175927,1,2
51,"PCA-LDA",35,0.00223423013847994,1,2
52,"CCA-LDA",15,0.0834547492055921,1,2
52,"PCA-LDA",36,0.00353089074053202,1,2
53,"CCA-LDA",31,0.0275818794618239,1,2
53,"PCA-LDA",32,0.021682296667223,1,2
54,"CCA-LDA",28,0.0623436864702237,1,2
54,"PCA-LDA",37,0.000234718403392333,1,2
55,"CCA-LDA",12,0.0885879494355562,1,2
55,"PCA-LDA",31,0.0534587752393137,1,2
56,"CCA-LDA",21,0.102613147452417,1,2
56,"PCA-LDA",33,0.0256336401199446,1,2
57,"CCA-LDA",29,0.0383776797291082,1,2
57,"PCA-LDA",29,0.036001503633504,1,2
58,"CCA-LDA",26,0.029690421193737,1,2
58,"PCA-LDA",31,0.0767475745918713,1,2
59,"CCA-LDA",30,0.00785748221267973,1,2
59,"PCA-LDA",28,0.0366135522225337,1,2
6,"CCA-LDA",20,0.0432660551598377,1,2
6,"PCA-LDA",39,7.06145630777293e-07,1,2
60,"CCA-LDA",37,0.00401644694391639,1,2
60,"PCA-LDA",38,1.95936275828524e-07,1,2
61,"CCA-LDA",34,0.0190650376048349,1,2
61,"PCA-LDA",29,0.0878992102866249,1,2
62,"CCA-LDA",38,0.0129474298718188,1,2
62,"PCA-LDA",36,0.0618797028657679,1,2
63,"CCA-LDA",14,0.0932021219711686,1,2
63,"PCA-LDA",34,0.0208742491280118,1,2
64,"CCA-LDA",19,0.0307777838059722,1,2
64,"PCA-LDA",36,5.45604412760489e-05,1,2
65,"CCA-LDA",18,0.0297450803892182,1,2
65,"PCA-LDA",25,0.0242162926222903,1,2
66,"CCA-LDA",16,0.061002450526564,1,2
66,"PCA-LDA",31,0.034662715553776,1,2
67,"CCA-LDA",15,0.0788692420149165,1,2
67,"PCA-LDA",32,0.000133484286669402,1,2
68,"CCA-LDA",36,0.0180162206379799,1,2
68,"PCA-LDA",31,0.0887905713900457,1,2
69,"CCA-LDA",27,0.0888835283593624,1,2
69,"PCA-LDA",31,0.0217752246339252,1,2
7,"CCA-LDA",20,0.0849882126194977,1,2
7,"PCA-LDA",36,0.00103062107759713,1,2
70,"CCA-LDA",13,0.0545621091874421,1,2
70,"PCA-LDA",32,0.0161918905403087,1,2
71,"CCA-LDA",16,0.0552270901258954,1,2
71,"PCA-LDA",31,0.0282954428789493,1,2
72,"CCA-LDA",36,0.00466916793893755,1,2
72,"PCA-LDA",31,0.03220205891768,1,2
73,"CCA-LDA",29,0.0456811559186419,1,2
73,"PCA-LDA",33,0.00151726278448879,1,2
74,"CCA-LDA",32,0.0116843991813473,1,2
74,"PCA-LDA",31,0.0507978071748527,1,2
75,"CCA-LDA",36,0.0314439493256989,1,2
75,"PCA-LDA",29,0.0854825286286867,1,2
76,"CCA-LDA",29,0.155712116041791,1,2
76,"PCA-LDA",24,0.129155130450333,1,2
77,"CCA-LDA",19,0.0536189975576689,1,2
77,"PCA-LDA",35,4.50406708262123e-05,1,2
78,"CCA-LDA",32,0.0203422308441017,1,2
78,"PCA-LDA",34,0.0471853086266789,1,2
79,"CCA-LDA",27,0.0643843420372206,1,2
79,"PCA-LDA",35,0.00094125232011018,1,2
8,"CCA-LDA",18,0.0473605867049991,1,2
8,"PCA-LDA",35,0.000523214940315012,1,2
80,"CCA-LDA",18,0.061768402758713,1,2
80,"PCA-LDA",35,0.0197426899008253,1,2
81,"CCA-LDA",13,0.0478435104275663,1,2
81,"PCA-LDA",34,0.00253297971665963,1,2
82,"CCA-LDA",19,0.0880074197435159,1,2
82,"PCA-LDA",36,0.00039187982601332,1,2
83,"CCA-LDA",15,0.0467376113915098,1,2
83,"PCA-LDA",35,0.0487106319451947,1,2
84,"CCA-LDA",32,0.0364435048499484,1,2
84,"PCA-LDA",37,1.3411129073911e-07,1,2
85,"CCA-LDA",32,0.0752349407261754,1,2
85,"PCA-LDA",35,0.000620555847979092,1,2
86,"CCA-LDA",29,0.0297541414512575,1,2
86,"PCA-LDA",31,0.021933081495494,1,2
87,"CCA-LDA",36,0.0161292356124864,1,2
87,"PCA-LDA",29,0.143281393999534,1,2
88,"CCA-LDA",27,0.0732542122374918,1,2
88,"PCA-LDA",29,0.133582249687734,1,2
89,"CCA-LDA",25,0.0667722331487027,1,2
89,"PCA-LDA",30,0.0510519809945327,1,2
9,"CCA-LDA",15,0.0491084519392569,1,2
9,"PCA-LDA",28,0.134417280727528,1,2
90,"CCA-LDA",16,0.0501165202418251,1,2
90,"PCA-LDA",35,1.34676849013599e-10,1,2
91,"CCA-LDA",33,0.020203424005067,1,2
91,"PCA-LDA",35,0.00240344592222039,1,2
92,"CCA-LDA",36,0.107594718097823,1,2
92,"PCA-LDA",39,0,1,2
93,"CCA-LDA",15,0.0900234389609301,1,2
93,"PCA-LDA",26,0.118889737878295,1,2
94,"CCA-LDA",31,0.0478817306300455,1,2
94,"PCA-LDA",30,0.0280058486505822,1,2
95,"CCA-LDA",20,0.0931987704143729,1,2
95,"PCA-LDA",24,0.130017055208561,1,2
96,"CCA-LDA",32,0.0738529701683734,1,2
96,"PCA-LDA",24,0.0889362915110895,1,2
97,"CCA-LDA",33,0.0122305362057318,1,2
97,"PCA-LDA",27,0.0418112753016244,1,2
98,"CCA-LDA",33,0.0141090088857755,1,2
98,"PCA-LDA",31,0.0165809718722713,1,2
99,"CCA-LDA",31,0.015105725925018,1,2
99,"PCA-LDA",34,0.0207046197715874,1,2
1,"CCA-LDA",13,0.0601631391818886,2,1
1,"PCA-LDA",19,0.171165242490066,2,1
10,"CCA-LDA",15,0.0682303774557671,2,1
10,"PCA-LDA",18,0.11979654731625,2,1
100,"CCA-LDA",17,0.0459837122623365,2,1
100,"PCA-LDA",18,0.239167063188963,2,1
101,"CCA-LDA",12,0.0926934709306691,2,1
101,"PCA-LDA",19,0.136238459741071,2,1
102,"CCA-LDA",13,0.0574239146030346,2,1
102,"PCA-LDA",20,0.154342860704707,2,1
103,"CCA-LDA",15,0.0726552504236361,2,1
103,"PCA-LDA",18,0.119728397408119,2,1
104,"CCA-LDA",13,0.0661624861103117,2,1
104,"PCA-LDA",20,0.118529575807665,2,1
105,"CCA-LDA",14,0.0830112210498599,2,1
105,"PCA-LDA",19,0.183199381874638,2,1
106,"CCA-LDA",12,0.118468660507117,2,1
106,"PCA-LDA",20,0.159101792991491,2,1
107,"CCA-LDA",17,0.0488131285445278,2,1
107,"PCA-LDA",21,0.137941433227475,2,1
108,"CCA-LDA",14,0.0756287390433326,2,1
108,"PCA-LDA",19,0.155019039169373,2,1
109,"CCA-LDA",13,0.0843997539118563,2,1
109,"PCA-LDA",21,0.147287919741674,2,1
11,"CCA-LDA",14,0.0430117737695795,2,1
11,"PCA-LDA",21,0.192675920059057,2,1
110,"CCA-LDA",12,0.0690174816576926,2,1
110,"PCA-LDA",17,0.155461813712559,2,1
111,"CCA-LDA",14,0.0653861015370936,2,1
111,"PCA-LDA",21,0.165461545016678,2,1
112,"CCA-LDA",14,0.122765525311615,2,1
112,"PCA-LDA",15,0.223895121002767,2,1
113,"CCA-LDA",14,0.0678880431758148,2,1
113,"PCA-LDA",19,0.201810566078003,2,1
114,"CCA-LDA",12,0.121529606010879,2,1
114,"PCA-LDA",13,0.164143927031253,2,1
115,"CCA-LDA",13,0.0865998515373889,2,1
115,"PCA-LDA",23,0.197315897807089,2,1
116,"CCA-LDA",16,0.124878828166407,2,1
116,"PCA-LDA",18,0.20488755145323,2,1
117,"CCA-LDA",13,0.0667598378256829,2,1
117,"PCA-LDA",18,0.204282908768531,2,1
118,"CCA-LDA",12,0.0793788190221958,2,1
118,"PCA-LDA",22,0.179587835782031,2,1
119,"CCA-LDA",13,0.0871300161235465,2,1
119,"PCA-LDA",17,0.200182908773045,2,1
12,"CCA-LDA",11,0.120351878791605,2,1
12,"PCA-LDA",15,0.177678696143323,2,1
120,"CCA-LDA",10,0.151868128303695,2,1
120,"PCA-LDA",17,0.231280648384601,2,1
121,"CCA-LDA",15,0.0607296229397754,2,1
121,"PCA-LDA",24,0.118622289302157,2,1
122,"CCA-LDA",12,0.0846549815620279,2,1
122,"PCA-LDA",10,0.237749737527738,2,1
123,"CCA-LDA",13,0.0701474717065373,2,1
123,"PCA-LDA",21,0.180925231574995,2,1
124,"CCA-LDA",12,0.0808256936084464,2,1
124,"PCA-LDA",15,0.165169067043018,2,1
125,"CCA-LDA",13,0.0749100062703428,2,1
125,"PCA-LDA",15,0.228199112610779,2,1
126,"CCA-LDA",13,0.0620310001777284,2,1
126,"PCA-LDA",20,0.176485466129036,2,1
127,"CCA-LDA",12,0.140598003356363,2,1
127,"PCA-LDA",20,0.163937567661971,2,1
128,"CCA-LDA",15,0.0379940485667819,2,1
128,"PCA-LDA",22,0.130039102398008,2,1
129,"CCA-LDA",12,0.119936256641401,2,1
129,"PCA-LDA",14,0.192585520814435,2,1
13,"CCA-LDA",12,0.101252430645733,2,1
13,"PCA-LDA",19,0.152057753416651,2,1
130,"CCA-LDA",14,0.0918920203747545,2,1
130,"PCA-LDA",13,0.169673600012621,2,1
131,"CCA-LDA",12,0.0978127536457141,2,1
131,"PCA-LDA",23,0.118587603936077,2,1
132,"CCA-LDA",12,0.0798253134515662,2,1
132,"PCA-LDA",18,0.159519627802263,2,1
133,"CCA-LDA",13,0.0817493514530047,2,1
133,"PCA-LDA",17,0.197224258562148,2,1
134,"CCA-LDA",13,0.0642904767160055,2,1
134,"PCA-LDA",23,0.10484253083316,2,1
135,"CCA-LDA",14,0.0436551155487609,2,1
135,"PCA-LDA",19,0.208647992616278,2,1
136,"CCA-LDA",17,0.0700300386218725,2,1
136,"PCA-LDA",21,0.150251862788404,2,1
137,"CCA-LDA",14,0.0680930934201341,2,1
137,"PCA-LDA",9,0.202629480014068,2,1
138,"CCA-LDA",15,0.0661722602710831,2,1
138,"PCA-LDA",19,0.173327607533157,2,1
139,"CCA-LDA",12,0.143949471023615,2,1
139,"PCA-LDA",15,0.194499028107006,2,1
14,"CCA-LDA",12,0.0999390459406856,2,1
14,"PCA-LDA",15,0.222401432598258,2,1
140,"CCA-LDA",12,0.0714159619023462,2,1
140,"PCA-LDA",16,0.11701897231025,2,1
141,"CCA-LDA",14,0.140965430863231,2,1
141,"PCA-LDA",20,0.15423341008007,2,1
142,"CCA-LDA",18,0.0616442410849727,2,1
142,"PCA-LDA",20,0.190227114659587,2,1
143,"CCA-LDA",13,0.0472714674990676,2,1
143,"PCA-LDA",19,0.242366299283919,2,1
144,"CCA-LDA",14,0.0355785059200444,2,1
144,"PCA-LDA",10,0.225695038999459,2,1
145,"CCA-LDA",17,0.0803240378834085,2,1
145,"PCA-LDA",20,0.192527631481469,2,1
146,"CCA-LDA",15,0.0989570591195838,2,1
146,"PCA-LDA",16,0.238531335339289,2,1
147,"CCA-LDA",18,0.0556277709506778,2,1
147,"PCA-LDA",19,0.161608412160886,2,1
148,"CCA-LDA",15,0.101225161314178,2,1
148,"PCA-LDA",13,0.208102300957023,2,1
149,"CCA-LDA",12,0.101038150496106,2,1
149,"PCA-LDA",23,0.0880803003977183,2,1
15,"CCA-LDA",19,0.0372673458378283,2,1
15,"PCA-LDA",21,0.180165687133959,2,1
150,"CCA-LDA",11,0.132832187193167,2,1
150,"PCA-LDA",20,0.14268777998238,2,1
151,"CCA-LDA",13,0.0830186111523058,2,1
151,"PCA-LDA",19,0.101073621550808,2,1
152,"CCA-LDA",17,0.0564600652634451,2,1
152,"PCA-LDA",17,0.206213402882484,2,1
153,"CCA-LDA",15,0.0480305180473636,2,1
153,"PCA-LDA",13,0.212393450611536,2,1
154,"CCA-LDA",15,0.0644777729220052,2,1
154,"PCA-LDA",21,0.178989241620177,2,1
155,"CCA-LDA",14,0.0663653222552002,2,1
155,"PCA-LDA",19,0.207433545525665,2,1
156,"CCA-LDA",12,0.138818554696768,2,1
156,"PCA-LDA",15,0.247391245305826,2,1
157,"CCA-LDA",16,0.0635943247883379,2,1
157,"PCA-LDA",18,0.17744594286662,2,1
158,"CCA-LDA",18,0.0600203716157781,2,1
158,"PCA-LDA",14,0.234602838604956,2,1
159,"CCA-LDA",14,0.0862147949375177,2,1
159,"PCA-LDA",17,0.186708128461764,2,1
16,"CCA-LDA",12,0.0711031501813823,2,1
16,"PCA-LDA",15,0.147970638813993,2,1
160,"CCA-LDA",15,0.0651169935837208,2,1
160,"PCA-LDA",19,0.184733157137226,2,1
161,"CCA-LDA",13,0.0418659615963347,2,1
161,"PCA-LDA",16,0.190169296572564,2,1
162,"CCA-LDA",12,0.123387576979931,2,1
162,"PCA-LDA",22,0.141903437836195,2,1
163,"CCA-LDA",13,0.076775972808332,2,1
163,"PCA-LDA",16,0.158191715727495,2,1
164,"CCA-LDA",13,0.106740324034687,2,1
164,"PCA-LDA",21,0.14543393077829,2,1
165,"CCA-LDA",13,0.0854342314859705,2,1
165,"PCA-LDA",13,0.174859513231948,2,1
166,"CCA-LDA",13,0.131745394723702,2,1
166,"PCA-LDA",21,0.149601666160378,2,1
167,"CCA-LDA",16,0.129375635999742,2,1
167,"PCA-LDA",23,0.15332687557889,2,1
168,"CCA-LDA",14,0.0709739424566566,2,1
168,"PCA-LDA",18,0.223631573591797,2,1
169,"CCA-LDA",13,0.0918588409918232,2,1
169,"PCA-LDA",15,0.268431757459981,2,1
17,"CCA-LDA",11,0.15362152994221,2,1
17,"PCA-LDA",16,0.194248787513396,2,1
170,"CCA-LDA",13,0.166530008896687,2,1
170,"PCA-LDA",18,0.0974640966155528,2,1
171,"CCA-LDA",13,0.101997507360347,2,1
171,"PCA-LDA",16,0.187512227593985,2,1
172,"CCA-LDA",14,0.035442370133255,2,1
172,"PCA-LDA",18,0.205483166669732,2,1
173,"CCA-LDA",14,0.0780500078909322,2,1
173,"PCA-LDA",17,0.176545794333384,2,1
174,"CCA-LDA",15,0.0795813771147071,2,1
174,"PCA-LDA",19,0.181937985383701,2,1
175,"CCA-LDA",11,0.119720825500779,2,1
175,"PCA-LDA",25,0.208869833809994,2,1
176,"CCA-LDA",9,0.155801006813892,2,1
176,"PCA-LDA",18,0.187627526129055,2,1
177,"CCA-LDA",12,0.110694679558367,2,1
177,"PCA-LDA",20,0.170506795474919,2,1
178,"CCA-LDA",12,0.118035670716884,2,1
178,"PCA-LDA",17,0.157461905897355,2,1
179,"CCA-LDA",15,0.0357043622076525,2,1
179,"PCA-LDA",18,0.20010666532521,2,1
18,"CCA-LDA",13,0.0710009070705429,2,1
18,"PCA-LDA",17,0.163432030945959,2,1
180,"CCA-LDA",8,0.160124341973952,2,1
180,"PCA-LDA",20,0.234536240770847,2,1
181,"CCA-LDA",12,0.0903843302318645,2,1
181,"PCA-LDA",16,0.156263504390894,2,1
182,"CCA-LDA",15,0.0658898649037738,2,1
182,"PCA-LDA",21,0.131245645438757,2,1
183,"CCA-LDA",17,0.0542160183026609,2,1
183,"PCA-LDA",19,0.124288255497056,2,1
184,"CCA-LDA",13,0.0474108678814981,2,1
184,"PCA-LDA",17,0.201812559818861,2,1
185,"CCA-LDA",14,0.0475353933557506,2,1
185,"PCA-LDA",20,0.204060335564342,2,1
186,"CCA-LDA",13,0.123539364595822,2,1
186,"PCA-LDA",22,0.196315822731809,2,1
187,"CCA-LDA",14,0.0635895164435248,2,1
187,"PCA-LDA",14,0.192338063811351,2,1
188,"CCA-LDA",14,0.0643389665723287,2,1
188,"PCA-LDA",10,0.207723218748198,2,1
189,"CCA-LDA",11,0.199109557913849,2,1
189,"PCA-LDA",25,0.0781583687925454,2,1
19,"CCA-LDA",11,0.127601391247003,2,1
19,"PCA-LDA",18,0.198167009225016,2,1
190,"CCA-LDA",12,0.0811763800519067,2,1
190,"PCA-LDA",17,0.14620981623028,2,1
191,"CCA-LDA",19,0.0637011197635411,2,1
191,"PCA-LDA",19,0.210750199987947,2,1
192,"CCA-LDA",13,0.0543617193834495,2,1
192,"PCA-LDA",20,0.114261784805143,2,1
193,"CCA-LDA",11,0.144989949387354,2,1
193,"PCA-LDA",21,0.143752123870048,2,1
194,"CCA-LDA",14,0.110797660633475,2,1
194,"PCA-LDA",20,0.151567635750932,2,1
195,"CCA-LDA",17,0.0590290883738865,2,1
195,"PCA-LDA",20,0.150783596556127,2,1
196,"CCA-LDA",16,0.0661880706412442,2,1
196,"PCA-LDA",20,0.143019019670196,2,1
197,"CCA-LDA",13,0.0843982190451695,2,1
197,"PCA-LDA",21,0.144808530279881,2,1
198,"CCA-LDA",14,0.072367590343431,2,1
198,"PCA-LDA",23,0.0826986068607674,2,1
199,"CCA-LDA",12,0.0850943905029815,2,1
199,"PCA-LDA",16,0.251800567212474,2,1
2,"CCA-LDA",16,0.0497980697793115,2,1
2,"PCA-LDA",21,0.214923612810179,2,1
20,"CCA-LDA",14,0.0781183859801195,2,1
20,"PCA-LDA",13,0.236968183989417,2,1
200,"CCA-LDA",12,0.0845534016130665,2,1
200,"PCA-LDA",14,0.171292409734229,2,1
21,"CCA-LDA",10,0.178347518054505,2,1
21,"PCA-LDA",16,0.267919608901633,2,1
22,"CCA-LDA",11,0.110283396943931,2,1
22,"PCA-LDA",18,0.191458375475044,2,1
23,"CCA-LDA",14,0.0888419599318951,2,1
23,"PCA-LDA",20,0.185186227859831,2,1
24,"CCA-LDA",15,0.0469544496851989,2,1
24,"PCA-LDA",26,0.117643686441291,2,1
25,"CCA-LDA",17,0.0782736862857169,2,1
25,"PCA-LDA",22,0.135011219799313,2,1
26,"CCA-LDA",13,0.0811905704839849,2,1
26,"PCA-LDA",14,0.28712412539419,2,1
27,"CCA-LDA",12,0.0988991613437415,2,1
27,"PCA-LDA",20,0.174931752045323,2,1
28,"CCA-LDA",19,0.0436591508476574,2,1
28,"PCA-LDA",21,0.164070176773554,2,1
29,"CCA-LDA",16,0.0400204814452153,2,1
29,"PCA-LDA",18,0.208655030011888,2,1
3,"CCA-LDA",18,0.0695323040651376,2,1
3,"PCA-LDA",19,0.17128920565042,2,1
30,"CCA-LDA",14,0.096835556524384,2,1
30,"PCA-LDA",16,0.204450991645647,2,1
31,"CCA-LDA",17,0.0340789694831419,2,1
31,"PCA-LDA",17,0.175448486169616,2,1
32,"CCA-LDA",16,0.0666525751620262,2,1
32,"PCA-LDA",22,0.216472034344967,2,1
33,"CCA-LDA",5,0.204184015385015,2,1
33,"PCA-LDA",16,0.191231637855227,2,1
34,"CCA-LDA",14,0.12615197821301,2,1
34,"PCA-LDA",20,0.189549992579158,2,1
35,"CCA-LDA",14,0.0658243975077544,2,1
35,"PCA-LDA",20,0.152243727513979,2,1
36,"CCA-LDA",12,0.0673221511795194,2,1
36,"PCA-LDA",16,0.175739275145874,2,1
37,"CCA-LDA",11,0.132883517220674,2,1
37,"PCA-LDA",14,0.171570210517727,2,1
38,"CCA-LDA",15,0.0721739009179729,2,1
38,"PCA-LDA",20,0.14740644557393,2,1
39,"CCA-LDA",13,0.0469436504266099,2,1
39,"PCA-LDA",16,0.163288688585556,2,1
4,"CCA-LDA",15,0.0642714516419278,2,1
4,"PCA-LDA",20,0.12462478287235,2,1
40,"CCA-LDA",17,0.0608609037006862,2,1
40,"PCA-LDA",21,0.163194231248311,2,1
41,"CCA-LDA",9,0.144498311705452,2,1
41,"PCA-LDA",18,0.178326063278625,2,1
42,"CCA-LDA",12,0.102518816752365,2,1
42,"PCA-LDA",9,0.233705817810381,2,1
43,"CCA-LDA",12,0.201449990953471,2,1
43,"PCA-LDA",21,0.0939417300839934,2,1
44,"CCA-LDA",15,0.10593164912051,2,1
44,"PCA-LDA",21,0.210452211566744,2,1
45,"CCA-LDA",12,0.0831901143491099,2,1
45,"PCA-LDA",18,0.123136242311139,2,1
46,"CCA-LDA",13,0.0513210643891409,2,1
46,"PCA-LDA",13,0.227030438784828,2,1
47,"CCA-LDA",15,0.121819741724855,2,1
47,"PCA-LDA",21,0.122620038832343,2,1
48,"CCA-LDA",13,0.0865353070168342,2,1
48,"PCA-LDA",17,0.286930301579017,2,1
49,"CCA-LDA",13,0.0933498971487707,2,1
49,"PCA-LDA",11,0.266607369416817,2,1
5,"CCA-LDA",12,0.0949772671308724,2,1
5,"PCA-LDA",21,0.117856666974033,2,1
50,"CCA-LDA",16,0.0864671352602503,2,1
50,"PCA-LDA",18,0.167104863378612,2,1
51,"CCA-LDA",16,0.0409380800268498,2,1
51,"PCA-LDA",22,0.0763048218190571,2,1
52,"CCA-LDA",15,0.0834547492055921,2,1
52,"PCA-LDA",21,0.144380197388698,2,1
53,"CCA-LDA",17,0.049383435057606,2,1
53,"PCA-LDA",16,0.169688191899431,2,1
54,"CCA-LDA",15,0.0894393700642575,2,1
54,"PCA-LDA",20,0.157611354858208,2,1
55,"CCA-LDA",12,0.0885879494355562,2,1
55,"PCA-LDA",21,0.153776866268541,2,1
56,"CCA-LDA",16,0.104006637457288,2,1
56,"PCA-LDA",18,0.181678940132031,2,1
57,"CCA-LDA",14,0.109649845670811,2,1
57,"PCA-LDA",15,0.136501262318265,2,1
58,"CCA-LDA",13,0.0637619689130554,2,1
58,"PCA-LDA",13,0.226358346804261,2,1
59,"CCA-LDA",15,0.0678965030873925,2,1
59,"PCA-LDA",22,0.159274396999572,2,1
6,"CCA-LDA",15,0.0578587151733892,2,1
6,"PCA-LDA",15,0.203515190249821,2,1
60,"CCA-LDA",11,0.166391747295531,2,1
60,"PCA-LDA",23,0.12161063643596,2,1
61,"CCA-LDA",12,0.0988778211282675,2,1
61,"PCA-LDA",21,0.207752836664239,2,1
62,"CCA-LDA",11,0.144987368426807,2,1
62,"PCA-LDA",14,0.205225128702292,2,1
63,"CCA-LDA",14,0.0932021219711686,2,1
63,"PCA-LDA",20,0.129034461329668,2,1
64,"CCA-LDA",12,0.0907884554995924,2,1
64,"PCA-LDA",17,0.274533911333912,2,1
65,"CCA-LDA",16,0.0377664489787257,2,1
65,"PCA-LDA",21,0.174959843127841,2,1
66,"CCA-LDA",13,0.0487504199009988,2,1
66,"PCA-LDA",18,0.198976396009144,2,1
67,"CCA-LDA",14,0.0798098470414037,2,1
67,"PCA-LDA",21,0.18608450494162,2,1
68,"CCA-LDA",25,0.197827491855626,2,1
68,"PCA-LDA",17,0.208848718321863,2,1
69,"CCA-LDA",15,0.0539696030239381,2,1
69,"PCA-LDA",21,0.0904945923574646,2,1
7,"CCA-LDA",15,0.0827544691416864,2,1
7,"PCA-LDA",18,0.239357939752942,2,1
70,"CCA-LDA",13,0.0545621091874421,2,1
70,"PCA-LDA",18,0.14704995627705,2,1
71,"CCA-LDA",14,0.127927745359957,2,1
71,"PCA-LDA",16,0.238527289678427,2,1
72,"CCA-LDA",17,0.0988188452399556,2,1
72,"PCA-LDA",22,0.207511029520039,2,1
73,"CCA-LDA",11,0.110740720530774,2,1
73,"PCA-LDA",22,0.144906312482878,2,1
74,"CCA-LDA",16,0.0367394621686467,2,1
74,"PCA-LDA",23,0.209659894317366,2,1
75,"CCA-LDA",12,0.179576493622279,2,1
75,"PCA-LDA",22,0.189819716118983,2,1
76,"CCA-LDA",14,0.107101227524131,2,1
76,"PCA-LDA",17,0.220112440533385,2,1
77,"CCA-LDA",16,0.0448117561304888,2,1
77,"PCA-LDA",23,0.144108593855406,2,1
78,"CCA-LDA",14,0.0495366119361922,2,1
78,"PCA-LDA",21,0.159458169702237,2,1
79,"CCA-LDA",12,0.0666292685804148,2,1
79,"PCA-LDA",13,0.228961056824608,2,1
8,"CCA-LDA",15,0.0360485761548634,2,1
8,"PCA-LDA",22,0.125865483512441,2,1
80,"CCA-LDA",12,0.128650592690531,2,1
80,"PCA-LDA",16,0.198706219842137,2,1
81,"CCA-LDA",16,0.0674620639435539,2,1
81,"PCA-LDA",21,0.14105700241747,2,1
82,"CCA-LDA",12,0.106011908925701,2,1
82,"PCA-LDA",19,0.197025176667556,2,1
83,"CCA-LDA",13,0.0484155272611356,2,1
83,"PCA-LDA",15,0.146001593362131,2,1
84,"CCA-LDA",13,0.15078874808372,2,1
84,"PCA-LDA",23,0.126893362695155,2,1
85,"CCA-LDA",12,0.116439094514602,2,1
85,"PCA-LDA",20,0.266737681375592,2,1
86,"CCA-LDA",12,0.109464821925871,2,1
86,"PCA-LDA",21,0.124721465461269,2,1
87,"CCA-LDA",14,0.0811686289804969,2,1
87,"PCA-LDA",16,0.204250687199998,2,1
88,"CCA-LDA",11,0.121360939132098,2,1
88,"PCA-LDA",19,0.176632062520886,2,1
89,"CCA-LDA",15,0.0440437044622343,2,1
89,"PCA-LDA",19,0.144103044355601,2,1
9,"CCA-LDA",14,0.0603928871708226,2,1
9,"PCA-LDA",18,0.282332112614772,2,1
90,"CCA-LDA",16,0.0501165202418251,2,1
90,"PCA-LDA",22,0.100744701312862,2,1
91,"CCA-LDA",13,0.0720068763652789,2,1
91,"PCA-LDA",23,0.167712460486056,2,1
92,"CCA-LDA",13,0.069150528566953,2,1
92,"PCA-LDA",20,0.100864421073621,2,1
93,"CCA-LDA",14,0.117876853662626,2,1
93,"PCA-LDA",19,0.216662488954795,2,1
94,"CCA-LDA",12,0.0784378267173081,2,1
94,"PCA-LDA",17,0.285529071552113,2,1
95,"CCA-LDA",9,0.176162708972083,2,1
95,"PCA-LDA",15,0.242916746172693,2,1
96,"CCA-LDA",12,0.0889748616065903,2,1
96,"PCA-LDA",20,0.213561849687711,2,1
97,"CCA-LDA",16,0.0355216488193501,2,1
97,"PCA-LDA",21,0.0951377530974014,2,1
98,"CCA-LDA",13,0.0600557008181508,2,1
98,"PCA-LDA",22,0.156035620732838,2,1
99,"CCA-LDA",16,0.0542991866340075,2,1
99,"PCA-LDA",10,0.191666889544095,2,1
1,"CCA-LDA",13,0.0601631391818886,2,2
1,"PCA-LDA",19,0.171165242490066,2,2
10,"CCA-LDA",15,0.0682303774557671,2,2
10,"PCA-LDA",18,0.11979654731625,2,2
100,"CCA-LDA",17,0.0459837122623365,2,2
100,"PCA-LDA",18,0.239167063188963,2,2
101,"CCA-LDA",12,0.0926934709306691,2,2
101,"PCA-LDA",19,0.136238459741071,2,2
102,"CCA-LDA",13,0.0574239146030346,2,2
102,"PCA-LDA",20,0.154342860704707,2,2
103,"CCA-LDA",15,0.0726552504236361,2,2
103,"PCA-LDA",18,0.119728397408119,2,2
104,"CCA-LDA",13,0.0661624861103117,2,2
104,"PCA-LDA",20,0.118529575807665,2,2
105,"CCA-LDA",14,0.0830112210498599,2,2
105,"PCA-LDA",19,0.183199381874638,2,2
106,"CCA-LDA",12,0.118468660507117,2,2
106,"PCA-LDA",20,0.159101792991491,2,2
107,"CCA-LDA",17,0.0488131285445278,2,2
107,"PCA-LDA",21,0.137941433227475,2,2
108,"CCA-LDA",14,0.0756287390433326,2,2
108,"PCA-LDA",19,0.155019039169373,2,2
109,"CCA-LDA",13,0.0843997539118563,2,2
109,"PCA-LDA",21,0.147287919741674,2,2
11,"CCA-LDA",14,0.0430117737695795,2,2
11,"PCA-LDA",21,0.192675920059057,2,2
110,"CCA-LDA",12,0.0690174816576926,2,2
110,"PCA-LDA",17,0.155461813712559,2,2
111,"CCA-LDA",14,0.0653861015370936,2,2
111,"PCA-LDA",21,0.165461545016678,2,2
112,"CCA-LDA",14,0.122765525311615,2,2
112,"PCA-LDA",15,0.223895121002767,2,2
113,"CCA-LDA",14,0.0678880431758148,2,2
113,"PCA-LDA",19,0.201810566078003,2,2
114,"CCA-LDA",12,0.121529606010879,2,2
114,"PCA-LDA",13,0.164143927031253,2,2
115,"CCA-LDA",13,0.0865998515373889,2,2
115,"PCA-LDA",23,0.197315897807089,2,2
116,"CCA-LDA",16,0.124878828166407,2,2
116,"PCA-LDA",18,0.20488755145323,2,2
117,"CCA-LDA",13,0.0667598378256829,2,2
117,"PCA-LDA",18,0.204282908768531,2,2
118,"CCA-LDA",12,0.0793788190221958,2,2
118,"PCA-LDA",22,0.179587835782031,2,2
119,"CCA-LDA",13,0.0871300161235465,2,2
119,"PCA-LDA",17,0.200182908773045,2,2
12,"CCA-LDA",11,0.120351878791605,2,2
12,"PCA-LDA",15,0.177678696143323,2,2
120,"CCA-LDA",10,0.151868128303695,2,2
120,"PCA-LDA",17,0.231280648384601,2,2
121,"CCA-LDA",15,0.0607296229397754,2,2
121,"PCA-LDA",24,0.118622289302157,2,2
122,"CCA-LDA",12,0.0846549815620279,2,2
122,"PCA-LDA",10,0.237749737527738,2,2
123,"CCA-LDA",13,0.0701474717065373,2,2
123,"PCA-LDA",21,0.180925231574995,2,2
124,"CCA-LDA",12,0.0808256936084464,2,2
124,"PCA-LDA",15,0.165169067043018,2,2
125,"CCA-LDA",13,0.0749100062703428,2,2
125,"PCA-LDA",15,0.228199112610779,2,2
126,"CCA-LDA",13,0.0620310001777284,2,2
126,"PCA-LDA",20,0.176485466129036,2,2
127,"CCA-LDA",12,0.140598003356363,2,2
127,"PCA-LDA",20,0.163937567661971,2,2
128,"CCA-LDA",15,0.0379940485667819,2,2
128,"PCA-LDA",22,0.130039102398008,2,2
129,"CCA-LDA",12,0.119936256641401,2,2
129,"PCA-LDA",14,0.192585520814435,2,2
13,"CCA-LDA",12,0.101252430645733,2,2
13,"PCA-LDA",19,0.152057753416651,2,2
130,"CCA-LDA",14,0.0918920203747545,2,2
130,"PCA-LDA",13,0.169673600012621,2,2
131,"CCA-LDA",12,0.0978127536457141,2,2
131,"PCA-LDA",23,0.118587603936077,2,2
132,"CCA-LDA",12,0.0798253134515662,2,2
132,"PCA-LDA",18,0.159519627802263,2,2
133,"CCA-LDA",13,0.0817493514530047,2,2
133,"PCA-LDA",17,0.197224258562148,2,2
134,"CCA-LDA",13,0.0642904767160055,2,2
134,"PCA-LDA",23,0.10484253083316,2,2
135,"CCA-LDA",14,0.0436551155487609,2,2
135,"PCA-LDA",19,0.208647992616278,2,2
136,"CCA-LDA",17,0.0700300386218725,2,2
136,"PCA-LDA",21,0.150251862788404,2,2
137,"CCA-LDA",14,0.0680930934201341,2,2
137,"PCA-LDA",9,0.202629480014068,2,2
138,"CCA-LDA",15,0.0661722602710831,2,2
138,"PCA-LDA",19,0.173327607533157,2,2
139,"CCA-LDA",12,0.143949471023615,2,2
139,"PCA-LDA",15,0.194499028107006,2,2
14,"CCA-LDA",12,0.0999390459406856,2,2
14,"PCA-LDA",15,0.222401432598258,2,2
140,"CCA-LDA",12,0.0714159619023462,2,2
140,"PCA-LDA",16,0.11701897231025,2,2
141,"CCA-LDA",14,0.140965430863231,2,2
141,"PCA-LDA",20,0.15423341008007,2,2
142,"CCA-LDA",18,0.0616442410849727,2,2
142,"PCA-LDA",20,0.190227114659587,2,2
143,"CCA-LDA",13,0.0472714674990676,2,2
143,"PCA-LDA",19,0.242366299283919,2,2
144,"CCA-LDA",14,0.0355785059200444,2,2
144,"PCA-LDA",10,0.225695038999459,2,2
145,"CCA-LDA",17,0.0803240378834085,2,2
145,"PCA-LDA",20,0.192527631481469,2,2
146,"CCA-LDA",15,0.0989570591195838,2,2
146,"PCA-LDA",16,0.238531335339289,2,2
147,"CCA-LDA",18,0.0556277709506778,2,2
147,"PCA-LDA",19,0.161608412160886,2,2
148,"CCA-LDA",15,0.101225161314178,2,2
148,"PCA-LDA",13,0.208102300957023,2,2
149,"CCA-LDA",12,0.101038150496106,2,2
149,"PCA-LDA",23,0.0880803003977183,2,2
15,"CCA-LDA",19,0.0372673458378283,2,2
15,"PCA-LDA",21,0.180165687133959,2,2
150,"CCA-LDA",11,0.132832187193167,2,2
150,"PCA-LDA",20,0.14268777998238,2,2
151,"CCA-LDA",13,0.0830186111523058,2,2
151,"PCA-LDA",19,0.101073621550808,2,2
152,"CCA-LDA",17,0.0564600652634451,2,2
152,"PCA-LDA",17,0.206213402882484,2,2
153,"CCA-LDA",15,0.0480305180473636,2,2
153,"PCA-LDA",13,0.212393450611536,2,2
154,"CCA-LDA",15,0.0644777729220052,2,2
154,"PCA-LDA",21,0.178989241620177,2,2
155,"CCA-LDA",14,0.0663653222552002,2,2
155,"PCA-LDA",19,0.207433545525665,2,2
156,"CCA-LDA",12,0.138818554696768,2,2
156,"PCA-LDA",15,0.247391245305826,2,2
157,"CCA-LDA",16,0.0635943247883379,2,2
157,"PCA-LDA",18,0.17744594286662,2,2
158,"CCA-LDA",18,0.0600203716157781,2,2
158,"PCA-LDA",14,0.234602838604956,2,2
159,"CCA-LDA",14,0.0862147949375177,2,2
159,"PCA-LDA",17,0.186708128461764,2,2
16,"CCA-LDA",12,0.0711031501813823,2,2
16,"PCA-LDA",15,0.147970638813993,2,2
160,"CCA-LDA",15,0.0651169935837208,2,2
160,"PCA-LDA",19,0.184733157137226,2,2
161,"CCA-LDA",13,0.0418659615963347,2,2
161,"PCA-LDA",16,0.190169296572564,2,2
162,"CCA-LDA",12,0.123387576979931,2,2
162,"PCA-LDA",22,0.141903437836195,2,2
163,"CCA-LDA",13,0.076775972808332,2,2
163,"PCA-LDA",16,0.158191715727495,2,2
164,"CCA-LDA",13,0.106740324034687,2,2
164,"PCA-LDA",21,0.14543393077829,2,2
165,"CCA-LDA",13,0.0854342314859705,2,2
165,"PCA-LDA",13,0.174859513231948,2,2
166,"CCA-LDA",13,0.131745394723702,2,2
166,"PCA-LDA",21,0.149601666160378,2,2
167,"CCA-LDA",16,0.129375635999742,2,2
167,"PCA-LDA",23,0.15332687557889,2,2
168,"CCA-LDA",14,0.0709739424566566,2,2
168,"PCA-LDA",18,0.223631573591797,2,2
169,"CCA-LDA",13,0.0918588409918232,2,2
169,"PCA-LDA",15,0.268431757459981,2,2
17,"CCA-LDA",11,0.15362152994221,2,2
17,"PCA-LDA",16,0.194248787513396,2,2
170,"CCA-LDA",13,0.166530008896687,2,2
170,"PCA-LDA",18,0.0974640966155528,2,2
171,"CCA-LDA",13,0.101997507360347,2,2
171,"PCA-LDA",16,0.187512227593985,2,2
172,"CCA-LDA",14,0.035442370133255,2,2
172,"PCA-LDA",18,0.205483166669732,2,2
173,"CCA-LDA",14,0.0780500078909322,2,2
173,"PCA-LDA",17,0.176545794333384,2,2
174,"CCA-LDA",15,0.0795813771147071,2,2
174,"PCA-LDA",19,0.181937985383701,2,2
175,"CCA-LDA",11,0.119720825500779,2,2
175,"PCA-LDA",25,0.208869833809994,2,2
176,"CCA-LDA",9,0.155801006813892,2,2
176,"PCA-LDA",18,0.187627526129055,2,2
177,"CCA-LDA",12,0.110694679558367,2,2
177,"PCA-LDA",20,0.170506795474919,2,2
178,"CCA-LDA",12,0.118035670716884,2,2
178,"PCA-LDA",17,0.157461905897355,2,2
179,"CCA-LDA",15,0.0357043622076525,2,2
179,"PCA-LDA",18,0.20010666532521,2,2
18,"CCA-LDA",13,0.0710009070705429,2,2
18,"PCA-LDA",17,0.163432030945959,2,2
180,"CCA-LDA",8,0.160124341973952,2,2
180,"PCA-LDA",20,0.234536240770847,2,2
181,"CCA-LDA",12,0.0903843302318645,2,2
181,"PCA-LDA",16,0.156263504390894,2,2
182,"CCA-LDA",15,0.0658898649037738,2,2
182,"PCA-LDA",21,0.131245645438757,2,2
183,"CCA-LDA",17,0.0542160183026609,2,2
183,"PCA-LDA",19,0.124288255497056,2,2
184,"CCA-LDA",13,0.0474108678814981,2,2
184,"PCA-LDA",17,0.201812559818861,2,2
185,"CCA-LDA",14,0.0475353933557506,2,2
185,"PCA-LDA",20,0.204060335564342,2,2
186,"CCA-LDA",13,0.123539364595822,2,2
186,"PCA-LDA",22,0.196315822731809,2,2
187,"CCA-LDA",14,0.0635895164435248,2,2
187,"PCA-LDA",14,0.192338063811351,2,2
188,"CCA-LDA",14,0.0643389665723287,2,2
188,"PCA-LDA",10,0.207723218748198,2,2
189,"CCA-LDA",11,0.199109557913849,2,2
189,"PCA-LDA",25,0.0781583687925454,2,2
19,"CCA-LDA",11,0.127601391247003,2,2
19,"PCA-LDA",18,0.198167009225016,2,2
190,"CCA-LDA",12,0.0811763800519067,2,2
190,"PCA-LDA",17,0.14620981623028,2,2
191,"CCA-LDA",19,0.0637011197635411,2,2
191,"PCA-LDA",19,0.210750199987947,2,2
192,"CCA-LDA",13,0.0543617193834495,2,2
192,"PCA-LDA",20,0.114261784805143,2,2
193,"CCA-LDA",11,0.144989949387354,2,2
193,"PCA-LDA",21,0.143752123870048,2,2
194,"CCA-LDA",14,0.110797660633475,2,2
194,"PCA-LDA",20,0.151567635750932,2,2
195,"CCA-LDA",17,0.0590290883738865,2,2
195,"PCA-LDA",20,0.150783596556127,2,2
196,"CCA-LDA",16,0.0661880706412442,2,2
196,"PCA-LDA",20,0.143019019670196,2,2
197,"CCA-LDA",13,0.0843982190451695,2,2
197,"PCA-LDA",21,0.144808530279881,2,2
198,"CCA-LDA",14,0.072367590343431,2,2
198,"PCA-LDA",23,0.0826986068607674,2,2
199,"CCA-LDA",12,0.0850943905029815,2,2
199,"PCA-LDA",16,0.251800567212474,2,2
2,"CCA-LDA",16,0.0497980697793115,2,2
2,"PCA-LDA",21,0.214923612810179,2,2
20,"CCA-LDA",14,0.0781183859801195,2,2
20,"PCA-LDA",13,0.236968183989417,2,2
200,"CCA-LDA",12,0.0845534016130665,2,2
200,"PCA-LDA",14,0.171292409734229,2,2
21,"CCA-LDA",10,0.178347518054505,2,2
21,"PCA-LDA",16,0.267919608901633,2,2
22,"CCA-LDA",11,0.110283396943931,2,2
22,"PCA-LDA",18,0.191458375475044,2,2
23,"CCA-LDA",14,0.0888419599318951,2,2
23,"PCA-LDA",20,0.185186227859831,2,2
24,"CCA-LDA",15,0.0469544496851989,2,2
24,"PCA-LDA",26,0.117643686441291,2,2
25,"CCA-LDA",17,0.0782736862857169,2,2
25,"PCA-LDA",22,0.135011219799313,2,2
26,"CCA-LDA",13,0.0811905704839849,2,2
26,"PCA-LDA",14,0.28712412539419,2,2
27,"CCA-LDA",12,0.0988991613437415,2,2
27,"PCA-LDA",20,0.174931752045323,2,2
28,"CCA-LDA",19,0.0436591508476574,2,2
28,"PCA-LDA",21,0.164070176773554,2,2
29,"CCA-LDA",16,0.0400204814452153,2,2
29,"PCA-LDA",18,0.208655030011888,2,2
3,"CCA-LDA",18,0.0695323040651376,2,2
3,"PCA-LDA",19,0.17128920565042,2,2
30,"CCA-LDA",14,0.096835556524384,2,2
30,"PCA-LDA",16,0.204450991645647,2,2
31,"CCA-LDA",17,0.0340789694831419,2,2
31,"PCA-LDA",17,0.175448486169616,2,2
32,"CCA-LDA",16,0.0666525751620262,2,2
32,"PCA-LDA",22,0.216472034344967,2,2
33,"CCA-LDA",5,0.204184015385015,2,2
33,"PCA-LDA",16,0.191231637855227,2,2
34,"CCA-LDA",14,0.12615197821301,2,2
34,"PCA-LDA",20,0.189549992579158,2,2
35,"CCA-LDA",14,0.0658243975077544,2,2
35,"PCA-LDA",20,0.152243727513979,2,2
36,"CCA-LDA",12,0.0673221511795194,2,2
36,"PCA-LDA",16,0.175739275145874,2,2
37,"CCA-LDA",11,0.132883517220674,2,2
37,"PCA-LDA",14,0.171570210517727,2,2
38,"CCA-LDA",15,0.0721739009179729,2,2
38,"PCA-LDA",20,0.14740644557393,2,2
39,"CCA-LDA",13,0.0469436504266099,2,2
39,"PCA-LDA",16,0.163288688585556,2,2
4,"CCA-LDA",15,0.0642714516419278,2,2
4,"PCA-LDA",20,0.12462478287235,2,2
40,"CCA-LDA",17,0.0608609037006862,2,2
40,"PCA-LDA",21,0.163194231248311,2,2
41,"CCA-LDA",9,0.144498311705452,2,2
41,"PCA-LDA",18,0.178326063278625,2,2
42,"CCA-LDA",12,0.102518816752365,2,2
42,"PCA-LDA",9,0.233705817810381,2,2
43,"CCA-LDA",12,0.201449990953471,2,2
43,"PCA-LDA",21,0.0939417300839934,2,2
44,"CCA-LDA",15,0.10593164912051,2,2
44,"PCA-LDA",21,0.210452211566744,2,2
45,"CCA-LDA",12,0.0831901143491099,2,2
45,"PCA-LDA",18,0.123136242311139,2,2
46,"CCA-LDA",13,0.0513210643891409,2,2
46,"PCA-LDA",13,0.227030438784828,2,2
47,"CCA-LDA",15,0.121819741724855,2,2
47,"PCA-LDA",21,0.122620038832343,2,2
48,"CCA-LDA",13,0.0865353070168342,2,2
48,"PCA-LDA",17,0.286930301579017,2,2
49,"CCA-LDA",13,0.0933498971487707,2,2
49,"PCA-LDA",11,0.266607369416817,2,2
5,"CCA-LDA",12,0.0949772671308724,2,2
5,"PCA-LDA",21,0.117856666974033,2,2
50,"CCA-LDA",16,0.0864671352602503,2,2
50,"PCA-LDA",18,0.167104863378612,2,2
51,"CCA-LDA",16,0.0409380800268498,2,2
51,"PCA-LDA",22,0.0763048218190571,2,2
52,"CCA-LDA",15,0.0834547492055921,2,2
52,"PCA-LDA",21,0.144380197388698,2,2
53,"CCA-LDA",17,0.049383435057606,2,2
53,"PCA-LDA",16,0.169688191899431,2,2
54,"CCA-LDA",15,0.0894393700642575,2,2
54,"PCA-LDA",20,0.157611354858208,2,2
55,"CCA-LDA",12,0.0885879494355562,2,2
55,"PCA-LDA",21,0.153776866268541,2,2
56,"CCA-LDA",16,0.104006637457288,2,2
56,"PCA-LDA",18,0.181678940132031,2,2
57,"CCA-LDA",14,0.109649845670811,2,2
57,"PCA-LDA",15,0.136501262318265,2,2
58,"CCA-LDA",13,0.0637619689130554,2,2
58,"PCA-LDA",13,0.226358346804261,2,2
59,"CCA-LDA",15,0.0678965030873925,2,2
59,"PCA-LDA",22,0.159274396999572,2,2
6,"CCA-LDA",15,0.0578587151733892,2,2
6,"PCA-LDA",15,0.203515190249821,2,2
60,"CCA-LDA",11,0.166391747295531,2,2
60,"PCA-LDA",23,0.12161063643596,2,2
61,"CCA-LDA",12,0.0988778211282675,2,2
61,"PCA-LDA",21,0.207752836664239,2,2
62,"CCA-LDA",11,0.144987368426807,2,2
62,"PCA-LDA",14,0.205225128702292,2,2
63,"CCA-LDA",14,0.0932021219711686,2,2
63,"PCA-LDA",20,0.129034461329668,2,2
64,"CCA-LDA",12,0.0907884554995924,2,2
64,"PCA-LDA",17,0.274533911333912,2,2
65,"CCA-LDA",16,0.0377664489787257,2,2
65,"PCA-LDA",21,0.174959843127841,2,2
66,"CCA-LDA",13,0.0487504199009988,2,2
66,"PCA-LDA",18,0.198976396009144,2,2
67,"CCA-LDA",14,0.0798098470414037,2,2
67,"PCA-LDA",21,0.18608450494162,2,2
68,"CCA-LDA",25,0.197827491855626,2,2
68,"PCA-LDA",17,0.208848718321863,2,2
69,"CCA-LDA",15,0.0539696030239381,2,2
69,"PCA-LDA",21,0.0904945923574646,2,2
7,"CCA-LDA",15,0.0827544691416864,2,2
7,"PCA-LDA",18,0.239357939752942,2,2
70,"CCA-LDA",13,0.0545621091874421,2,2
70,"PCA-LDA",18,0.14704995627705,2,2
71,"CCA-LDA",14,0.127927745359957,2,2
71,"PCA-LDA",16,0.238527289678427,2,2
72,"CCA-LDA",17,0.0988188452399556,2,2
72,"PCA-LDA",22,0.207511029520039,2,2
73,"CCA-LDA",11,0.110740720530774,2,2
73,"PCA-LDA",22,0.144906312482878,2,2
74,"CCA-LDA",16,0.0367394621686467,2,2
74,"PCA-LDA",23,0.209659894317366,2,2
75,"CCA-LDA",12,0.179576493622279,2,2
75,"PCA-LDA",22,0.189819716118983,2,2
76,"CCA-LDA",14,0.107101227524131,2,2
76,"PCA-LDA",17,0.220112440533385,2,2
77,"CCA-LDA",16,0.0448117561304888,2,2
77,"PCA-LDA",23,0.144108593855406,2,2
78,"CCA-LDA",14,0.0495366119361922,2,2
78,"PCA-LDA",21,0.159458169702237,2,2
79,"CCA-LDA",12,0.0666292685804148,2,2
79,"PCA-LDA",13,0.228961056824608,2,2
8,"CCA-LDA",15,0.0360485761548634,2,2
8,"PCA-LDA",22,0.125865483512441,2,2
80,"CCA-LDA",12,0.128650592690531,2,2
80,"PCA-LDA",16,0.198706219842137,2,2
81,"CCA-LDA",16,0.0674620639435539,2,2
81,"PCA-LDA",21,0.14105700241747,2,2
82,"CCA-LDA",12,0.106011908925701,2,2
82,"PCA-LDA",19,0.197025176667556,2,2
83,"CCA-LDA",13,0.0484155272611356,2,2
83,"PCA-LDA",15,0.146001593362131,2,2
84,"CCA-LDA",13,0.15078874808372,2,2
84,"PCA-LDA",23,0.126893362695155,2,2
85,"CCA-LDA",12,0.116439094514602,2,2
85,"PCA-LDA",20,0.266737681375592,2,2
86,"CCA-LDA",12,0.109464821925871,2,2
86,"PCA-LDA",21,0.124721465461269,2,2
87,"CCA-LDA",14,0.0811686289804969,2,2
87,"PCA-LDA",16,0.204250687199998,2,2
88,"CCA-LDA",11,0.121360939132098,2,2
88,"PCA-LDA",19,0.176632062520886,2,2
89,"CCA-LDA",15,0.0440437044622343,2,2
89,"PCA-LDA",19,0.144103044355601,2,2
9,"CCA-LDA",14,0.0603928871708226,2,2
9,"PCA-LDA",18,0.282332112614772,2,2
90,"CCA-LDA",16,0.0501165202418251,2,2
90,"PCA-LDA",22,0.100744701312862,2,2
91,"CCA-LDA",13,0.0720068763652789,2,2
91,"PCA-LDA",23,0.167712460486056,2,2
92,"CCA-LDA",13,0.069150528566953,2,2
92,"PCA-LDA",20,0.100864421073621,2,2
93,"CCA-LDA",14,0.117876853662626,2,2
93,"PCA-LDA",19,0.216662488954795,2,2
94,"CCA-LDA",12,0.0784378267173081,2,2
94,"PCA-LDA",17,0.285529071552113,2,2
95,"CCA-LDA",9,0.176162708972083,2,2
95,"PCA-LDA",15,0.242916746172693,2,2
96,"CCA-LDA",12,0.0889748616065903,2,2
96,"PCA-LDA",20,0.213561849687711,2,2
97,"CCA-LDA",16,0.0355216488193501,2,2
97,"PCA-LDA",21,0.0951377530974014,2,2
98,"CCA-LDA",13,0.0600557008181508,2,2
98,"PCA-LDA",22,0.156035620732838,2,2
99,"CCA-LDA",16,0.0542991866340075,2,2
99,"PCA-LDA",10,0.191666889544095,2,2
